/* ingredientes */
INSERT INTO ingrediente(id_ingrediente,nombre,stock,u_m,fecha_exp,valor_unitario) VALUES
(1,'aceite',200,'L','2023-01-01',2000),
(2,'sal',100,'kg','2024-01-01',200),
(3,'pan',500,'kg','2022-11-29',1500),
(4,'tocino',100,'kg','2022-12-18',1500),
(5,'huevo',2000,'unidad','2022-12-07',100),
(6,'queso',320,'kg','2022-12-20',10000),
(7,'cebolla morada',100,'kg','2022-12-15',500),
(8,'tomate',150,'kg','2022-12-05',900),
(9,'lechuga',50,'unidad','2022-12-09',500),
(10,'vienesa',200,'kg','2022-12-28',3500),
(11,'palta',200,'kg','2022-12-14',1500),
(12,'chucrut',300,'kg','2022-12-13',1500),
(13,'papas prefritas',300,'kg','2022-12-28',2500),
(14,'mayonesa',100,'kg','2022-12-26',2300),
(15,'ketchup',100,'kg','2022-12-13',2500),
(16,'mostaza',100,'kg','2023-12-11',2000),
(17,'carne',200,'kg','2022-12-17',9000),
(18,'pollo',100,'kg','2022-12-22',4000),
(19,'jamon',20,'kg','2023-05-14',8500),
(20,'lomo',100,'kg','2023-03-18',10000),
(21,'coca-cola',300,'L','2022-12-18',1000),
(22,'sprite',300,'L','2022-12-24',1000),
(23,'fanta',300,'L','2022-12-1',1000),
(24,'kem',300,'L','2022-12-6',1000),
(25,'pan completo',100,'kg','2022-12-6',1600);

/* Hamburguesa1 y Hamburguesa2*/
INSERT INTO producto(id_producto,nombre,porcentaje_ganancia,tmp_preparacion) VALUES
(1231,'Hamburguesa1',35,15),
(1232,'Hamburguesa2',35,15),
(1233,'Hamburguesa Italiana',35,15),
(1234,'Barros Luco',35,10),

(1241,'Papas fritas chica',35,10),
(1242,'Papas fritas grande',35,10),
(1243,'Papas fritas familiar',35,10),

(1251,'Pichanga caliente para 2',35,25),
(1252,'Pichanga caliente mediana',35,25),
(1253,'Pichanga caliente familiar',35,25),

(1261,'Completo Italiano',35,25),
(1262,'Completo has',35,25),
(1263,'Completo has queso',35,25),

(23411,'coca-cola chica',35,25),
(23412,'coca-cola litro',35,25),
(23413,'coca-cola 1.5L',35,25),
(23421,'sprite chica',35,25),
(23422,'sprite litro',35,25),
(23423,'sprite 1.5L',35,25),
(23431,'fanta chica',35,25),
(23432,'fanta litro',35,25),
(23433,'fanta 1.5L',35,25),
(23441,'kem chica',35,25),
(23442,'kem litro',35,25),
(23443,'kem 1.5L',35,25);


/* relacion entre producto e ingredientes*/
INSERT INTO compone(id_producto,id_ingrediente,cantidad_ingrediente) VALUES
--Hamburguesa1
(1231,1,0.02),
(1231,2,0.03),
(1231,3,1),
(1231,4,0.08),
(1231,6,0.042),
(1231,7,0.03),
(1231,8,0.1),
(1231,9,0.05),
(1231,17,0.15),
--Hamburguesa2
(1232,1,0.02),
(1232,2,0.03),
(1232,3,1),
(1232,4,0.08),
(1232,5,1),
(1232,6,0.084),
(1232,7,0.03),
(1232,8,0.1),
(1232,9,0.05),
(1232,11,0.1),
(1232,17,0.2),
--Hamburguesa Italiana
(1233,1,0.02),
(1233,2,0.03),
(1233,3,1),
(1233,8,0.15),
(1233,11,0.15),
(1233,14,0.02),
(1233,17,0.15),
--Barros Luco
(1234,1,0.02),
(1234,2,0.03),
(1234,3,1),
(1234,17,0.15),
(1234,6,0.08),

--Papas fritas chica
(1241,1,0.1),
(1241,2,0.02),
(1241,13,0.25),
--Papas fritas grande
(1242,1,0.15),
(1242,2,0.04),
(1242,13,0.5),
--Papas fritas familiar
(1243,1,0.175),
(1243,2,0.06),
(1243,13,0.75),

--Pichanga caliente para 2
(1251,1,0.25),
(1251,2,0.12),
(1251,5,3),
(1251,6,0.25),
(1251,8,0.175),
(1251,10,0.25),
(1251,11,0.15),
(1251,13,0.3),
(1251,14,0.075),
(1251,15,0.075),
(1251,16,0.075),
(1251,17,0.15),
(1251,18,0.15),
--Pichanga caliente mediana
(1252,1,0.4),
(1252,2,0.2),
(1252,5,6),
(1252,6,0.4),
(1252,8,0.25),
(1252,10,0.5),
(1252,11,0.25),
(1252,13,0.5),
(1252,14,0.15),
(1252,15,0.15),
(1252,16,0.15),
(1252,17,0.25),
(1252,18,0.25),
--Pichanga caliente familiar
(1253,1,0.5),
(1253,2,0.35),
(1253,5,8),
(1253,6,0.6),
(1253,8,0.4),
(1253,10,0.75),
(1253,11,0.4),
(1253,13,0.65),
(1253,14,0.3),
(1253,15,0.2),
(1253,16,0.3),
(1253,17,0.4),
(1253,18,0.4),

--completo italiano
(1261,25,0.1),
(1261,10,0.1),
(1261,8,0.075),
(1261,11,0.075),
(1261,14,0.05),
--completo hass
(1262,25,0.1),
(1262,20,0.1),
(1262,8,0.075),
(1262,11,0.075),
(1262,14,0.05),
--completo hass
(1263,25,0.1),
(1263,20,0.1),
(1263,8,0.075),
(1263,11,0.075),
(1263,14,0.05),
(1263,6,0.1),

--coca-cola
(23411,21,0.33),
(23412,21,1),
(23413,21,1.5),
--sprite
(23421,22,0.33),
(23422,22,1),
(23423,22,1.5),
--fanta
(23431,23,0.33),
(23432,23,1),
(23433,23,1.5),
--kem
(23441,24,0.33),
(23442,24,1),
(23443,24,1.5);

/* mesa */
INSERT INTO mesa(num_mesa) VALUES
(1),
(2),
(3),
(4),
(5),
(6),
(7),
(8),
(9),
(10);

/* trabajadores */
INSERT INTO trabajador(RUT,nombre,apellido,cargo,sueldo) VALUES
('84683876-7','Amrane','JIMENEZ','mesero','500000'),
('36967631-8','Anish','HERNANDEZ','lavaplatos','450000'),
('41535864-4','Arián','RUIZ','auxiliar de aseo','450000'),
('42472558-7','Ayun','DIAZ','gerente','850000'),
('45631924-6','Azariel','MORENO','bartender','700000'),
('37963643-8','Bagrat','MUÑOZ','portero','450000'),
('84123398-0','Bencomo','ALVAREZ','bodeguero','500000'),
('95548416-9','Bertino','ROMERO','administrador','7450000'),
('95283823-7','Candi','GUTIERREZ','cajero','450000'),
('87563488-7','Cesc','ALONSO','chef','650000');

INSERT INTO egreso VALUES
(1,CURRENT_DATE,'pago trabajador',500000),
(2,CURRENT_DATE,'pago trabajador',450000),
(3,CURRENT_DATE,'pago trabajador',450000),
(4,CURRENT_DATE,'pago trabajador',850000),
(5,CURRENT_DATE,'pago trabajador',700000),
(6,CURRENT_DATE,'pago trabajador',450000),
(7,CURRENT_DATE,'pago trabajador',500000),
(8,CURRENT_DATE,'pago trabajador',745000),
(9,CURRENT_DATE,'pago trabajador',450000),
(10,CURRENT_DATE,'pago trabajador',650000);

INSERT INTO pago_trabajador VALUES
(1),
(2),
(3),
(4),
(5),
(6),
(7),
(8),
(9),
(10);

/* proveedor */
INSERT INTO proveedor VALUES
(1,'Juanito Pascal','Soprole','+56912344321'),
(2,'Jimmy Neutron','Carnes Angus','+56956788765'),
(3,'Jhonny Bravo','La Vega','+56978900987'),
(4,'Paquito del Barrio','Coca-Cola','+56910293847'),
(5,'Paquita la del Barrio','Cencosud','+56909876543');

/* persona */
INSERT INTO cliente(RUT,nombre,apellido) VALUES
('87423982-8','Adel','GARCIA'),
('51986651-K','Adonis','RODRIGUEZ'),
('42957743-8','Ajaz','GONZALEZ'),
('18864263-2','Akos','FERNANDEZ'),
('41152666-6','Aldo','LOPEZ'),
('12786274-5','Amets','MARTINEZ'),
('84464435-3','Amaro','SANCHEZ'),
('19373328-K','Aquiles','PEREZ'),
('32947945-5','Algimantas','GOMEZ'),
('66888264-1','Alpidio','MARTIN'),
('84683876-7','Amrane','JIMENEZ'),
('36967631-8','Anish','HERNANDEZ'),
('41535864-4','Arián','RUIZ'),
('42472558-7','Ayun','DIAZ'),
('45631924-6','Azariel','MORENO'),
('37963643-8','Bagrat','MUÑOZ'),
('84123398-0','Bencomo','ALVAREZ'),
('95548416-9','Bertino','ROMERO'),
('95283823-7','Candi','GUTIERREZ'),
('87563488-7','Cesc','ALONSO'),
('87874461-6','Cirino','NAVARRO'),
('77849479-5','Crisólogo','TORRES'),
('65918422-2','Cruz','DOMINGUEZ'),
('13762541-5','Danilo','RAMOS'),
('32419686-2','Dareck','VAZQUEZ'),
('31377333-7','Dariel','RAMIREZ'),
('39173196-9','Darin','GIL'),
('69596628-8','Delmiro','SERRANO'),
('87677354-6','Damen','MORALES'),
('66891354-7','Dilan','MOLINA'),
('73621968-9','Dipa','BLANCO'),
('76578936-2','Doménico','SUAREZ'),
('88236257-4','Drago','CASTRO'),
('39674321-3','Edivaldo','ORTEGA'),
('76452915-4','Elvis','DELGADO'),
('51643674-3','Elyan','ORTIZ'),
('96233317-6','Emeric','MARIN'),
('19846816-9','Engracio','RUBIO'),
('63936314-7','Ensa','NUÑEZ'),
('23792175-5','Eñaut','SANZ'),
('64422656-5','Eleazar','MEDINA'),
('91454132-8','Eros','IGLESIAS'),
('88922587-4','Eufemio','CASTILLO'),
('65164261-2','Feiyang','CORTES'),
('89845895-4','Fiorenzo','GARRIDO'),
('22414496-2','Foudil','SANTOS'),
('17145658-4','Galo','GUERRERO'),
('61174452-8','Gastón','LOZANO'),
('55558345-1','Giulio','CANO'),
('34248453-0','Gautam','MENDEZ'),
('16337476-5','Gentil','CRUZ'),
('44922165-6','Gianni','PRIETO'),
('56669647-9','Gianluca','FLORES'),
('56378913-1','Giorgio','HERRERA'),
('58719293-4','Gourav','PEÑA'),
('49567577-7','Grober','LEON'),
('68934546-8','Guido','MARQUEZ'),
('93923958-8','Guifre','CABRERA'),
('31134255-K','Guim','GALLEGO'),
('95787687-0','Hermes','CALVO'),
('73745291-3','Inge','VIDAL'),
('35188373-1','Irai','CAMPOS'),
('44786211-5','Iraitz','REYES'),
('22736664-8','Iyad','VEGA'),
('45173784-8','Iyán','FUENTES'),
('11596521-2','Jeremías','CARRASCO'),
('46185264-5','Joao','DIEZ'),
('43191396-8','Jun','AGUILAR'),
('84749134-5','Khaled','CABALLERO'),
('47718419-7','Leónidas','NIETO'),
('68767641-6','Lier','SANTANA'),
('55455446-6','Lionel','PASCUAL'),
('51136752-2','Lisandro','HERRERO'),
('59888131-6','Lucián','VARGAS'),
('17467511-2','Mael','GIMENEZ'),
('51248665-7','Misael','MONTERO'),
('23274772-2','Moad','HIDALGO'),
('23446376-4','Munir','LORENZO'),
('62282745-K','Nael','SANTIAGO'),
('56961847-9','Najim','IBAÑEZ'),
('13676943-K','Neo','DURAN'),
('19124851-1','Neil','BENITEZ'),
('99885682-5','Nikita','FERRER'),
('53644557-9','Nilo','ARIAS'),
('55455729-5','Otto','MORA'),
('88238869-7','Pep','CARMONA'),
('22144786-7','Policarpo','VICENTE'),
('91472582-8','Radu','ROJAS'),
('31232623-K','Ramsés','SOTO'),
('18464958-6','Rómulo','CRESPO'),
('94114474-8','Roy','ROMAN'),
('79475485-3','Severo','PASTOR'),
('49792933-4','Sidi','VELASCO'),
('86866673-0','Simeón','PARRA'),
('77113681-8','Taha','SAEZ'),
('66659144-5','Tao','MOYA'),
('56296514-9','Vadim','BRAVO'),
('59754716-1','Vincenzo','SOLER'),
('65236287-7','Zaid','GALLARDO'),
('51441465-3','Zigor','RIVERA'),
('15132747-8','Zouhair','ESTEBAN'),
('24771341-7','Hugo','PARDO'),
('54664573-8','Mateo','SILVA'),
('39582327-2','Martín','FRANCO'),
('63338527-0','Lucas','RIVAS'),
('16924695-5','Leo','LARA'),
('71881839-7','Daniel','MERINO'),
('92891714-2','Alejandro','ESPINOSA'),
('14481458-4','Manuel','CAMACHO'),
('21771841-4','Pablo','MENDOZA'),
('26694633-3','Álvaro','VERA'),
('59926751-4','Adrián','IZQUIERDO'),
('21468533-7','Enzo','RIOS'),
('29655165-1','Mario','ARROYO'),
('25919133-5','Diego','CASADO'),
('92326946-0','David','SIERRA'),
('22482136-0','Oliver','REDONDO'),
('24346141-3','Marcos','LUQUE'),
('62817633-7','Thiago','MONTES'),
('87416918-8','Marco','REY'),
('99886713-4','Álex','GALAN'),
('35385254-K','Javier','CARRILLO'),
('98515136-9','Izan','OTERO'),
('23841318-4','Bruno','SEGURA'),
('12641438-2','Miguel','HEREDIA'),
('87788348-5','Antonio','MARCOS'),
('79212553-0','Gonzalo','BERNAL'),
('27394789-2','Liam','SORIANO'),
('48228198-2','Gael','ROBLES'),
('79618731-K','Marc','MARTI'),
('51219348-K','Carlos','PALACIOS'),
('32257111-9','Juan','VALERO'),
('92441564-9','Ángel','CONTRERAS'),
('33358464-6','Dylan','VILA'),
('26418226-3','Nicolás','MACIAS'),
('89435668-5','José','GUERRA'),
('73444699-8','Sergio','VARELA'),
('73198776-9','Gabriel','PEREIRA'),
('16888764-7','Luca','EXPOSITO'),
('97254846-4','Jorge','MIRANDA'),
('76755579-2','Darío','ROLDAN'),
('83334954-6','Íker','BENITO'),
('84887355-1','Samuel','MATEO'),
('23992836-6','Eric','BUENO'),
('92676371-7','Adam','ANDRES'),
('37115819-7','Héctor','GUILLEN'),
('29465575-1','Francisco','VILLAR'),
('61397274-9','Rodrigo','AGUILERA'),
('53312572-7','Jesús','ESCUDERO'),
('28677821-6','Erik','SALAZAR'),
('78849145-K','Amir','MATEOS'),
('71267625-6','Jaime','ACOSTA'),
('17968884-0','Ian','PADILLA'),
('74249332-6','Rubén','CALDERON'),
('11366265-4','Aarón','RIVERO'),
('31862532-8','Iván','CASAS'),
('84956853-1','Pau','APARICIO'),
('89962857-8','Víctor','GUZMAN'),
('97221687-9','Guillermo','BELTRAN'),
('35479495-0','Luis','ESTEVEZ'),
('29378124-9','Mohamed','SALAS'),
('43886414-8','Pedro','GALVEZ'),
('53641319-7','Julen','BERMUDEZ'),
('97417219-4','Unai','MENENDEZ'),
('84369479-9','Rafael','RICO'),
('92964633-9','Santiago','JURADO'),
('62322393-0','Saúl','CONDE'),
('84199655-0','Alberto','QUINTANA'),
('35433576-K','Noah','ARANDA'),
('57987879-7','Aitor','PLAZA'),
('39199752-7','Joel','ABAD'),
('15542877-5','Nil','GRACIA'),
('85558989-3','Jan','AVILA'),
('24264837-4','Pol','HURTADO'),
('51332715-3','Raúl','TRUJILLO'),
('68622136-9','Matías','BLAZQUEZ'),
('96999965-K','Martí','ESCOBAR'),
('83312927-9','Fernando','PACHECO'),
('54365846-4','Andrés','MANZANO'),
('99899967-7','Rayan','SANTAMARIA'),
('43623571-2','Alonso','VILLANUEVA'),
('65647285-5','Ismael','COSTA'),
('59844846-9','Asier','ROCA'),
('11813262-9','Biel','RUEDA'),
('64188499-5','Ander','SERRA'),
('79861458-4','Aleix','CUESTA'),
('91772145-9','Axel','MIGUEL'),
('64745692-8','Alan','MESA'),
('15652415-8','Ignacio','TOMAS'),
('46184825-7','Fabio','LUNA'),
('88159122-7','Neizan','DE'),
('42232316-3','Jon','SIMON'),
('67786737-K','Teo','CASTAÑO'),
('49688566-K','Isaac','ALARCON'),
('71632916-K','Arnau','DEL'),
('52346245-8','Luka','ZAMORA'),
('44191178-5','Max','MALDONADO'),
('35461353-0','Imran','MILLAN'),
('85251683-6','Youssef','LAZARO'),
('73487887-1','Anas','PONS');

INSERT INTO pedido (id_pedido,RUT,fecha_pedido) VALUES
(1,'42232316-3','2022-11-01'),
(2,'87423982-8','2022-11-01'),
(3,'51986651-K','2022-11-01'),
(4,'42957743-8','2022-11-01'),
(5,'18864263-2','2022-11-01'),
(6,'41152666-6','2022-11-01'),
(7,'12786274-5','2022-11-01'),
(8,'84464435-3','2022-11-01'),
(9,'19373328-K','2022-11-01'),
(10,'32947945-5','2022-11-01'),
(11,'44922165-6','2022-11-01'),
(12,'31134255-K','2022-11-01'),
(13,'79475485-3','2022-11-01'),
(14,'99899967-7','2022-11-01'),
(15,'76452915-4','2022-11-01'),
(16,'65918422-2','2022-11-01'),
(17,'59926751-4','2022-11-01'),
(18,'65236287-7','2022-11-01'),
(19,'26694633-3','2022-11-01'),
(20,'67786737-K','2022-11-01'),
(21,'73745291-3','2022-11-01'),
(22,'97417219-4','2022-11-01'),
(23,'79618731-K','2022-11-01'),
(24,'69596628-8','2022-11-01'),
(25,'22414496-2','2022-11-01'),
(26,'23446376-4','2022-11-02'),
(27,'26418226-3','2022-11-02'),
(28,'43623571-2','2022-11-02'),
(29,'22414496-2','2022-11-02'),
(30,'31232623-K','2022-11-02'),
(31,'44922165-6','2022-11-02'),
(32,'83312927-9','2022-11-02'),
(33,'15652415-8','2022-11-02'),
(34,'24771341-7','2022-11-02'),
(35,'95787687-0','2022-11-02'),
(36,'95283823-7','2022-11-02'),
(37,'95548416-9','2022-11-02'),
(38,'32257111-9','2022-11-02'),
(39,'49792933-4','2022-11-02'),
(40,'61174452-8','2022-11-02'),
(41,'51136752-2','2022-11-03'),
(42,'23992836-6','2022-11-03'),
(43,'71881839-7','2022-11-03'),
(44,'22482136-0','2022-11-03'),
(45,'17467511-2','2022-11-03'),
(46,'49792933-4','2022-11-03'),
(47,'94114474-8','2022-11-03'),
(48,'91772145-9','2022-11-03'),
(49,'88159122-7','2022-11-03'),
(50,'17968884-0','2022-11-03'),
(51,'54365846-4','2022-11-03'),
(52,'18864263-2','2022-11-03'),
(53,'22482136-0','2022-11-03'),
(54,'95787687-0','2022-11-03'),
(55,'73621968-9','2022-11-03'),
(56,'29655165-1','2022-11-04'),
(57,'18464958-6','2022-11-04'),
(58,'84369479-9','2022-11-04'),
(59,'17145658-4','2022-11-04'),
(60,'22144786-7','2022-11-04'),
(61,'41152666-6','2022-11-04'),
(62,'34248453-0','2022-11-04'),
(63,'22736664-8','2022-11-04'),
(64,'67786737-K','2022-11-04'),
(65,'78849145-K','2022-11-04'),
(66,'51248665-7','2022-11-04'),
(67,'84683876-7','2022-11-04'),
(68,'84199655-0','2022-11-04'),
(69,'84464435-3','2022-11-04'),
(70,'54664573-8','2022-11-04'),
(71,'62322393-0','2022-11-05'),
(72,'76578936-2','2022-11-05'),
(73,'35461353-0','2022-11-05'),
(74,'32419686-2','2022-11-05'),
(75,'51441465-3','2022-11-05'),
(76,'32419686-2','2022-11-05'),
(77,'24346141-3','2022-11-05'),
(78,'46184825-7','2022-11-05'),
(79,'53641319-7','2022-11-05'),
(80,'95787687-0','2022-11-05'),
(81,'83334954-6','2022-11-05'),
(82,'49792933-4','2022-11-05'),
(83,'44786211-5','2022-11-05'),
(84,'66888264-1','2022-11-05'),
(85,'17968884-0','2022-11-05'),
(86,'49792933-4','2022-11-06'),
(87,'51248665-7','2022-11-06'),
(88,'49688566-K','2022-11-06'),
(89,'32947945-5','2022-11-06'),
(90,'35385254-K','2022-11-06'),
(91,'56961847-9','2022-11-06'),
(92,'41535864-4','2022-11-06'),
(93,'39199752-7','2022-11-06'),
(94,'66659144-5','2022-11-06'),
(95,'41152666-6','2022-11-06'),
(96,'51136752-2','2022-11-06'),
(97,'39199752-7','2022-11-06'),
(98,'84199655-0','2022-11-06'),
(99,'42232316-3','2022-11-06'),
(100,'48228198-2','2022-11-06'),
(101,'77849479-5','2022-11-07'),
(102,'21771841-4','2022-11-07'),
(103,'35479495-0','2022-11-07'),
(104,'15542877-5','2022-11-07'),
(105,'26418226-3','2022-11-07'),
(106,'84683876-7','2022-11-07'),
(107,'52346245-8','2022-11-07'),
(108,'18864263-2','2022-11-07'),
(109,'71267625-6','2022-11-07'),
(110,'89962857-8','2022-11-07'),
(111,'44786211-5','2022-11-07'),
(112,'22414496-2','2022-11-07'),
(113,'51986651-K','2022-11-07'),
(114,'87788348-5','2022-11-07'),
(115,'84464435-3','2022-11-07'),
(116,'16924695-5','2022-11-08'),
(117,'57987879-7','2022-11-08'),
(118,'19124851-1','2022-11-08'),
(119,'65236287-7','2022-11-08'),
(120,'54365846-4','2022-11-08'),
(121,'11366265-4','2022-11-08'),
(122,'54365846-4','2022-11-08'),
(123,'84887355-1','2022-11-08'),
(124,'12641438-2','2022-11-08'),
(125,'31377333-7','2022-11-08'),
(126,'51441465-3','2022-11-08'),
(127,'53312572-7','2022-11-08'),
(128,'52346245-8','2022-11-08'),
(129,'95283823-7','2022-11-08'),
(130,'97254846-4','2022-11-08'),
(131,'23841318-4','2022-11-09'),
(132,'23792175-5','2022-11-09'),
(133,'34248453-0','2022-11-09'),
(134,'51643674-3','2022-11-09'),
(135,'53641319-7','2022-11-09'),
(136,'89435668-5','2022-11-09'),
(137,'35461353-0','2022-11-09'),
(138,'21771841-4','2022-11-09'),
(139,'16888764-7','2022-11-09'),
(140,'28677821-6','2022-11-09'),
(141,'95283823-7','2022-11-09'),
(142,'17968884-0','2022-11-09'),
(143,'29465575-1','2022-11-09'),
(144,'87874461-6','2022-11-09'),
(145,'66891354-7','2022-11-09'),
(146,'17968884-0','2022-11-10'),
(147,'87788348-5','2022-11-10'),
(148,'73487887-1','2022-11-10'),
(149,'76452915-4','2022-11-10'),
(150,'32419686-2','2022-11-10'),
(151,'79618731-K','2022-11-10'),
(152,'76755579-2','2022-11-10'),
(153,'11366265-4','2022-11-10'),
(154,'13762541-5','2022-11-10'),
(155,'95548416-9','2022-11-10'),
(156,'99899967-7','2022-11-10'),
(157,'98515136-9','2022-11-10'),
(158,'92964633-9','2022-11-10'),
(159,'79212553-0','2022-11-10'),
(160,'76755579-2','2022-11-10'),
(161,'93923958-8','2022-11-11'),
(162,'34248453-0','2022-11-11'),
(163,'92441564-9','2022-11-11'),
(164,'31134255-K','2022-11-11'),
(165,'96233317-6','2022-11-11'),
(166,'77113681-8','2022-11-11'),
(167,'49688566-K','2022-11-11'),
(168,'76452915-4','2022-11-11'),
(169,'84956853-1','2022-11-11'),
(170,'53644557-9','2022-11-11'),
(171,'89435668-5','2022-11-11'),
(172,'51332715-3','2022-11-11'),
(173,'64745692-8','2022-11-11'),
(174,'19124851-1','2022-11-11'),
(175,'71632916-K','2022-11-11'),
(176,'95548416-9','2022-11-12'),
(177,'39674321-3','2022-11-12'),
(178,'99886713-4','2022-11-12'),
(179,'35433576-K','2022-11-12'),
(180,'87563488-7','2022-11-12'),
(181,'56296514-9','2022-11-12'),
(182,'34248453-0','2022-11-12'),
(183,'29378124-9','2022-11-12'),
(184,'42957743-8','2022-11-12'),
(185,'51136752-2','2022-11-12'),
(186,'83312927-9','2022-11-12'),
(187,'65647285-5','2022-11-12'),
(188,'52346245-8','2022-11-12'),
(189,'84887355-1','2022-11-12'),
(190,'95787687-0','2022-11-12'),
(191,'91472582-8','2022-11-13'),
(192,'73487887-1','2022-11-13'),
(193,'14481458-4','2022-11-13'),
(194,'15542877-5','2022-11-13'),
(195,'66888264-1','2022-11-13'),
(196,'37115819-7','2022-11-13'),
(197,'46185264-5','2022-11-13'),
(198,'42957743-8','2022-11-13'),
(199,'32257111-9','2022-11-13'),
(200,'51332715-3','2022-11-13'),
(201,'19846816-9','2022-11-13'),
(202,'46185264-5','2022-11-13'),
(203,'53312572-7','2022-11-13'),
(204,'31377333-7','2022-11-13'),
(205,'61397274-9','2022-11-13'),
(206,'23992836-6','2022-11-14'),
(207,'71632916-K','2022-11-14'),
(208,'43623571-2','2022-11-14'),
(209,'37963643-8','2022-11-14'),
(210,'53641319-7','2022-11-14'),
(211,'17968884-0','2022-11-14'),
(212,'22736664-8','2022-11-14'),
(213,'36967631-8','2022-11-14'),
(214,'21468533-7','2022-11-14'),
(215,'11596521-2','2022-11-14'),
(216,'51643674-3','2022-11-14'),
(217,'91454132-8','2022-11-14'),
(218,'85251683-6','2022-11-14'),
(219,'73621968-9','2022-11-14'),
(220,'11813262-9','2022-11-14'),
(221,'93923958-8','2022-11-15'),
(222,'68767641-6','2022-11-15'),
(223,'89435668-5','2022-11-15'),
(224,'92964633-9','2022-11-15'),
(225,'91454132-8','2022-11-15'),
(226,'92676371-7','2022-11-15'),
(227,'44786211-5','2022-11-15'),
(228,'95787687-0','2022-11-15'),
(229,'51441465-3','2022-11-15'),
(230,'37115819-7','2022-11-15'),
(231,'39674321-3','2022-11-15'),
(232,'31232623-K','2022-11-15'),
(233,'36967631-8','2022-11-15'),
(234,'59844846-9','2022-11-15'),
(235,'11596521-2','2022-11-15'),
(236,'26694633-3','2022-11-16'),
(237,'23446376-4','2022-11-16'),
(238,'95787687-0','2022-11-16'),
(239,'65164261-2','2022-11-16'),
(240,'89845895-4','2022-11-16'),
(241,'24264837-4','2022-11-16'),
(242,'52346245-8','2022-11-16'),
(243,'92891714-2','2022-11-16'),
(244,'73444699-8','2022-11-16'),
(245,'95787687-0','2022-11-16'),
(246,'85558989-3','2022-11-16'),
(247,'85558989-3','2022-11-16'),
(248,'15132747-8','2022-11-16'),
(249,'39199752-7','2022-11-16'),
(250,'11366265-4','2022-11-16'),
(251,'53644557-9','2022-11-17'),
(252,'69596628-8','2022-11-17'),
(253,'32419686-2','2022-11-17'),
(254,'39199752-7','2022-11-17'),
(255,'92676371-7','2022-11-17'),
(256,'46185264-5','2022-11-17'),
(257,'43191396-8','2022-11-17'),
(258,'35479495-0','2022-11-17'),
(259,'23446376-4','2022-11-17'),
(260,'62817633-7','2022-11-17'),
(261,'63338527-0','2022-11-17'),
(262,'59926751-4','2022-11-17'),
(263,'97221687-9','2022-11-17'),
(264,'84749134-5','2022-11-17'),
(265,'22414496-2','2022-11-17'),
(266,'32419686-2','2022-11-18'),
(267,'54365846-4','2022-11-18'),
(268,'17467511-2','2022-11-18'),
(269,'53644557-9','2022-11-18'),
(270,'77849479-5','2022-11-18'),
(271,'62817633-7','2022-11-18'),
(272,'93923958-8','2022-11-18'),
(273,'84123398-0','2022-11-18'),
(274,'31377333-7','2022-11-18'),
(275,'49688566-K','2022-11-18'),
(276,'51248665-7','2022-11-18'),
(277,'28677821-6','2022-11-18'),
(278,'24346141-3','2022-11-18'),
(279,'68622136-9','2022-11-18'),
(280,'87416918-8','2022-11-18'),
(281,'51136752-2','2022-11-19'),
(282,'36967631-8','2022-11-19'),
(283,'65236287-7','2022-11-19'),
(284,'56296514-9','2022-11-19'),
(285,'33358464-6','2022-11-19'),
(286,'71632916-K','2022-11-19'),
(287,'25919133-5','2022-11-19'),
(288,'17968884-0','2022-11-19'),
(289,'16924695-5','2022-11-19'),
(290,'67786737-K','2022-11-19'),
(291,'65918422-2','2022-11-19'),
(292,'53641319-7','2022-11-19'),
(293,'49567577-7','2022-11-19'),
(294,'65647285-5','2022-11-19'),
(295,'73621968-9','2022-11-19'),
(296,'56669647-9','2022-11-20'),
(297,'12786274-5','2022-11-20'),
(298,'32947945-5','2022-11-20'),
(299,'79212553-0','2022-11-20'),
(300,'64422656-5','2022-11-20'),
(301,'59844846-9','2022-11-20'),
(302,'44191178-5','2022-11-20'),
(303,'34248453-0','2022-11-20'),
(304,'78849145-K','2022-11-20'),
(305,'24264837-4','2022-11-20'),
(306,'52346245-8','2022-11-20'),
(307,'54365846-4','2022-11-20'),
(308,'98515136-9','2022-11-20'),
(309,'21468533-7','2022-11-20'),
(310,'74249332-6','2022-11-20'),
(311,'49688566-K','2022-11-21'),
(312,'64188499-5','2022-11-21'),
(313,'22482136-0','2022-11-21'),
(314,'65164261-2','2022-11-21'),
(315,'19124851-1','2022-11-21'),
(316,'42957743-8','2022-11-21'),
(317,'19846816-9','2022-11-21'),
(318,'61397274-9','2022-11-21'),
(319,'71881839-7','2022-11-21'),
(320,'23992836-6','2022-11-21'),
(321,'79475485-3','2022-11-21'),
(322,'79618731-K','2022-11-21'),
(323,'93923958-8','2022-11-21'),
(324,'65236287-7','2022-11-21'),
(325,'26694633-3','2022-11-21'),
(326,'91472582-8','2022-11-22'),
(327,'78849145-K','2022-11-22'),
(328,'43191396-8','2022-11-22'),
(329,'61174452-8','2022-11-22'),
(330,'87677354-6','2022-11-22'),
(331,'92891714-2','2022-11-22'),
(332,'66891354-7','2022-11-22'),
(333,'96999965-K','2022-11-22'),
(334,'89962857-8','2022-11-22'),
(335,'92441564-9','2022-11-22'),
(336,'28677821-6','2022-11-22'),
(337,'17968884-0','2022-11-22'),
(338,'26694633-3','2022-11-22'),
(339,'55455446-6','2022-11-22'),
(340,'45173784-8','2022-11-22'),
(341,'37963643-8','2022-11-23'),
(342,'45173784-8','2022-11-23'),
(343,'51986651-K','2022-11-23'),
(344,'55455729-5','2022-11-23'),
(345,'95787687-0','2022-11-23'),
(346,'99885682-5','2022-11-23'),
(347,'22144786-7','2022-11-23'),
(348,'59754716-1','2022-11-23'),
(349,'65647285-5','2022-11-23'),
(350,'67786737-K','2022-11-23'),
(351,'67786737-K','2022-11-23'),
(352,'59888131-6','2022-11-23'),
(353,'59888131-6','2022-11-23'),
(354,'34248453-0','2022-11-23'),
(355,'15542877-5','2022-11-23'),
(356,'89435668-5','2022-11-24'),
(357,'31232623-K','2022-11-24'),
(358,'98515136-9','2022-11-24'),
(359,'42957743-8','2022-11-24'),
(360,'89435668-5','2022-11-24'),
(361,'54664573-8','2022-11-24'),
(362,'44786211-5','2022-11-24'),
(363,'24346141-3','2022-11-24'),
(364,'56961847-9','2022-11-24'),
(365,'87563488-7','2022-11-24'),
(366,'51986651-K','2022-11-24'),
(367,'87677354-6','2022-11-24'),
(368,'23841318-4','2022-11-24'),
(369,'59926751-4','2022-11-24'),
(370,'56669647-9','2022-11-24'),
(371,'97254846-4','2022-11-25'),
(372,'79212553-0','2022-11-25'),
(373,'84749134-5','2022-11-25'),
(374,'76755579-2','2022-11-25'),
(375,'84683876-7','2022-11-25'),
(376,'48228198-2','2022-11-25'),
(377,'51332715-3','2022-11-25'),
(378,'55558345-1','2022-11-25'),
(379,'83312927-9','2022-11-25'),
(380,'84956853-1','2022-11-25'),
(381,'91454132-8','2022-11-25'),
(382,'35385254-K','2022-11-25'),
(383,'66891354-7','2022-11-25'),
(384,'46185264-5','2022-11-25'),
(385,'39199752-7','2022-11-25'),
(386,'87423982-8','2022-11-26'),
(387,'42957743-8','2022-11-26'),
(388,'84683876-7','2022-11-26'),
(389,'17467511-2','2022-11-26'),
(390,'41152666-6','2022-11-26'),
(391,'59754716-1','2022-11-26'),
(392,'79618731-K','2022-11-26'),
(393,'46185264-5','2022-11-26'),
(394,'45631924-6','2022-11-26'),
(395,'29378124-9','2022-11-26'),
(396,'19846816-9','2022-11-26'),
(397,'37963643-8','2022-11-26'),
(398,'76755579-2','2022-11-26'),
(399,'21468533-7','2022-11-26'),
(400,'62282745-K','2022-11-26'),
(401,'67786737-K','2022-11-27'),
(402,'56669647-9','2022-11-27'),
(403,'12786274-5','2022-11-27'),
(404,'42472558-7','2022-11-27'),
(405,'92676371-7','2022-11-27'),
(406,'84199655-0','2022-11-27'),
(407,'86866673-0','2022-11-27'),
(408,'87416918-8','2022-11-27'),
(409,'84123398-0','2022-11-27'),
(410,'68767641-6','2022-11-27'),
(411,'51248665-7','2022-11-27'),
(412,'66888264-1','2022-11-27'),
(413,'42232316-3','2022-11-27'),
(414,'68934546-8','2022-11-27'),
(415,'51248665-7','2022-11-27'),
(416,'29655165-1','2022-11-28'),
(417,'32947945-5','2022-11-28'),
(418,'23446376-4','2022-11-28'),
(419,'23841318-4','2022-11-28'),
(420,'53644557-9','2022-11-28'),
(421,'76452915-4','2022-11-28'),
(422,'87874461-6','2022-11-28'),
(423,'84369479-9','2022-11-28'),
(424,'56669647-9','2022-11-28'),
(425,'64745692-8','2022-11-28'),
(426,'12641438-2','2022-11-28'),
(427,'88922587-4','2022-11-28'),
(428,'11366265-4','2022-11-28'),
(429,'45173784-8','2022-11-28'),
(430,'11366265-4','2022-11-28'),
(431,'39674321-3','2022-11-29'),
(432,'66888264-1','2022-11-29'),
(433,'97221687-9','2022-11-29'),
(434,'88159122-7','2022-11-29'),
(435,'65918422-2','2022-11-29'),
(436,'39582327-2','2022-11-29'),
(437,'89962857-8','2022-11-29'),
(438,'92326946-0','2022-11-29'),
(439,'51332715-3','2022-11-29'),
(440,'24264837-4','2022-11-29'),
(441,'73198776-9','2022-11-29'),
(442,'34248453-0','2022-11-29'),
(443,'59844846-9','2022-11-29'),
(444,'48228198-2','2022-11-29'),
(445,'93923958-8','2022-11-29'),
(446,'84683876-7','2022-11-30'),
(447,'49688566-K','2022-11-30'),
(448,'11596521-2','2022-11-30'),
(449,'23792175-5','2022-11-30'),
(450,'22482136-0','2022-11-30'),
(451,'53312572-7','2022-11-30'),
(452,'31377333-7','2022-11-30'),
(453,'31232623-K','2022-11-30'),
(454,'45173784-8','2022-11-30'),
(455,'62282745-K','2022-11-30'),
(456,'69596628-8','2022-11-30'),
(457,'15652415-8','2022-11-30'),
(458,'51136752-2','2022-11-30'),
(459,'59844846-9','2022-11-30'),
(460,'56378913-1','2022-11-30');

INSERT INTO en_local (id_pedido) VALUES
(1),
(2),
(3),
(4),
(5),
(6),
(7),
(8),
(9),
(10),
(11),
(12),
(14),
(15),
(17),
(18),
(19),
(21),
(23),
(27),
(29),
(33),
(36),
(37),
(38),
(39),
(40),
(41),
(44),
(48),
(49),
(53),
(54),
(55),
(57),
(59),
(60),
(61),
(65),
(66),
(68),
(72),
(76),
(80),
(81),
(83),
(88),
(89),
(93),
(96),
(98),
(103),
(106),
(107),
(111),
(112),
(118),
(121),
(122),
(123),
(126),
(128),
(130),
(132),
(133),
(136),
(137),
(138),
(141),
(143),
(144),
(146),
(147),
(148),
(149),
(152),
(154),
(155),
(157),
(158),
(162),
(163),
(164),
(167),
(171),
(172),
(175),
(178),
(179),
(181),
(183),
(184),
(185),
(186),
(190),
(192),
(193),
(195),
(200),
(204),
(205),
(206),
(207),
(209),
(210),
(211),
(212),
(213),
(215),
(217),
(220),
(221),
(222),
(223),
(224),
(226),
(228),
(231),
(236),
(238),
(240),
(241),
(244),
(245),
(246),
(247),
(249),
(251),
(252),
(253),
(263),
(264),
(267),
(270),
(271),
(273),
(276),
(280),
(281),
(282),
(283),
(285),
(287),
(288),
(289),
(290),
(291),
(295),
(297),
(299),
(301),
(302),
(304),
(306),
(307),
(309),
(315),
(317),
(322),
(323),
(326),
(327),
(328),
(329),
(331),
(333),
(334),
(335),
(336),
(338),
(339),
(341),
(345),
(349),
(350),
(351),
(352),
(355),
(356),
(359),
(363),
(365),
(366),
(367),
(368),
(369),
(370),
(374),
(377),
(381),
(382),
(385),
(386),
(387),
(389),
(390),
(392),
(399),
(407),
(410),
(411),
(417),
(421),
(423),
(429),
(430),
(431),
(432),
(433),
(434),
(435),
(436),
(437),
(440),
(442),
(443),
(446);

INSERT INTO fuera_local VALUES
(13,'JOANXXIII43'),
(16,'CARRIÓ15ÈA'),
(20,'FRANCESCDEVITÒRIA14T2A'),
(22,'FONERIA12'),
(24,'PROL.JACINTVERDAGUER1R1A.'),
(25,'PIRINEUS10'),
(26,'JOANMIRÓ3'),
(28,'JOANXXIII39'),
(30,'MALLORCA11'),
(31,'TRABUCAIRES12'),
(32,'SANTANTONIMARIACLARET11'),
(34,'MONTURIOL11R.'),
(35,'PROL.PADRÓ2N2A.'),
(42,'JAUMEGALOBART11'),
(43,'MORAGUES10'),
(45,'PINTORSERT12N1A.'),
(46,'PROL.PADRÓ2N2A.'),
(47,'MONTSERRAT10'),
(50,'SANTVALENTÍ11'),
(51,'SANTGENÍS25'),
(52,'MONTURIOL1'),
(56,'FONERIA12'),
(58,'LLUÍSCASTELLS12N.'),
(62,'NOU2N.'),
(63,'GALILEU12'),
(64,'CASASARA'),
(67,'JAUMEGALOBART11'),
(69,'SANTBENET12N.'),
(70,'VERGEDEFÀTIMABX2A.'),
(71,'SANTJOAN3R.A'),
(73,'PROL.PADRÓ2N2A.'),
(74,'CASASARA'),
(75,'FONERIA12'),
(77,'MANELIC1'),
(78,'MORAGUES10'),
(79,'DELAPAU1'),
(82,'BELLAVISTA30'),
(84,'PROL.JACINTVERDAGUER3R2A.'),
(85,'SANTJOAEDIFICID3RA'),
(86,'JAUMEGALOBART14'),
(87,'JACINTVERDAGUER44T2A.'),
(90,'PROL.PADRÓ3R2A.'),
(91,'FONERIA12'),
(92,'PIRINEUS10'),
(94,'CARRIÓ15ÈA'),
(95,'JOSEPBOIXADERAS1'),
(97,'MANELIC1'),
(99,'CARRIÓ15ÈA'),
(100,'ALFONSXII4T1A'),
(101,'MONTURIOL11R.'),
(102,'AVINGUDATRES1R1A.'),
(104,'JOANXXIII43'),
(105,'CAUDELAGUINEU4'),
(108,'JAUMEGALOBART11'),
(109,'DELAPAU8'),
(110,'PROL.PADRÓ2N2A.'),
(113,'MORAGUES10'),
(114,'LASARDANA1'),
(115,'SANTISCLE1'),
(116,'TRESROURES14T2A'),
(117,'FRANCESCDEVITÒRIA14T2A'),
(119,'JOANMIRÓ10'),
(120,'GERMANDURAN21'),
(124,'VIC30(TORROELLA)'),
(125,'MORAGUES10'),
(127,'VIC112N1A.'),
(129,'JAUMEGALOBART11'),
(131,'SANTISCLE6'),
(134,'DELAPESCA1R2A.'),
(135,'VIC113R2A.'),
(139,'ESPORTS12'),
(140,'DELAPAU1'),
(142,'PROL.PADRÓ2N1A.'),
(145,'VERGEDEFÀTIMABX2A.'),
(150,'JACINTVERDAGUER531A.'),
(151,'JOANXXIII11R1A.'),
(153,'CASANOVA'),
(156,'PROL.PADRÓ3R.1A.'),
(159,'CASANOVA'),
(160,'DELACAÇA11RC'),
(161,'ÀNGELGUIMERÀ42N'),
(165,'PROL.JACINTVERDAGUER1R2A.'),
(166,'SANTBENET22N2A.'),
(168,'BELLAVISTA30'),
(169,'PADRÓ83'),
(170,'PROL.PADRÓ3R.1A.'),
(173,'JAUMEBALMES62N.'),
(174,'JACINTVERDAGUER52N1A.'),
(176,'SANTJOAN3R.A'),
(177,'BERTRANDISERRA13R.'),
(180,'BERTRANDISERRA13R.'),
(182,'JAUMEBALMES62N.'),
(187,'DELACAÇA11RC'),
(188,'RAMONICAJAL82N.'),
(189,'MONTCAU1'),
(191,'VIC112N1A.'),
(194,'GALILEU12'),
(196,'JOANXXIII11R1A.'),
(197,'JAUMEBALMES731A.'),
(198,'PIRINEUS22'),
(199,'ALBÉNIZ12N1A.'),
(201,'JAUMEGALOBART11'),
(202,'DIPUTACIÓ10'),
(203,'PADRÓ83'),
(208,'MALLORCA11'),
(214,'SANTJOAEDIFICID3RA'),
(216,'GERMANDURAN21'),
(218,'CASASARA'),
(219,'DIPUTACIÓ10'),
(225,'ESPORTS12'),
(227,'JACINTVERDAGUER531A.'),
(229,'PUIG1'),
(230,'DIPUTACIÓ10'),
(232,'PROL.JACINTVERDAGUER2N2A.'),
(233,'MONTSERRAT10'),
(234,'PROL.PADRÓ2N1A.'),
(235,'PADRÓ83'),
(237,'JOANMIRÓ10'),
(239,'MALLORCA11'),
(242,'DOCTORFLEMING11'),
(243,'CARRIÓ15ÈA'),
(248,'CASASARA'),
(250,'CAUDELAGUINEU4'),
(254,'JAUMEGALOBART12'),
(255,'GERMANDURAN23R1A.'),
(256,'JAUMEGALOBART12'),
(257,'MALLORCA11'),
(258,'JACINTVERDAGUER52N1A.'),
(259,'PUIG1'),
(260,'BERTRANDISERRA13R.'),
(261,'PINTORSERT12N1A.'),
(262,'ALBÉNIZ22N.'),
(265,'DOCTORFLEMING11'),
(266,'CASASARA'),
(268,'CERVANTES1R.'),
(269,'JAUMEI10'),
(272,'ARTÈS11A.'),
(274,'DOCTORFLEMING11'),
(275,'DIPUTACIÓ10'),
(277,'MANELIC1'),
(278,'TRESROURES14T2A'),
(279,'JOANXXIII11R1A.'),
(284,'PROL.PADRÓ3R2A.'),
(286,'PROL.PADRÓ2N2A.'),
(292,'DELAPAU1'),
(293,'GALILEU12'),
(294,'PUIG1'),
(296,'SANTJOAEDIFICID3RA'),
(298,'VIC112N1A.'),
(300,'FRANCESCDEVITÒRIA14T2A'),
(303,'PROL.JACINTVERDAGUER3R2A.'),
(305,'JOANXXIII43'),
(308,'ALBÉNIZ22N.'),
(310,'JOANMIRÓ10'),
(311,'PROL.JACINTVERDAGUER2N2A.'),
(312,'JOANXXIII11R1A.'),
(313,'VERGEDEFÀTIMA3R1A.'),
(314,'CARLESBUÏGAS11R1A.'),
(316,'ALFONSXII4T1A'),
(318,'SANTBENET22N2A.'),
(319,'JACINTVERDAGUER43'),
(320,'JOANXXIII11R1A.'),
(321,'FONTDELGAT1'),
(324,'SANTGENÍS25'),
(325,'JAUMEGALOBART12'),
(330,'JAUMEI10'),
(332,'MANELIC1'),
(337,'PIRINEUS10'),
(340,'PIRINEUS10'),
(342,'VIC30(TORROELLA)'),
(343,'PUIG1'),
(344,'MALLORCA11'),
(346,'GENERALPRIM12N.'),
(347,'SANTISCLE6'),
(348,'JOANXXIII112A.'),
(353,'DELAPESCA1R2A.'),
(354,'SANTGENÍS25'),
(357,'SANTGENÍS25'),
(358,'PIRINEUS34'),
(360,'LASARDANA1'),
(361,'JOANXXIII11R1A.'),
(362,'FONERIA12'),
(364,'LLUÍSCASTELLS12N.'),
(371,'SANTVALENTÍ11R.'),
(372,'PADRÓ83'),
(373,'CASANOVA'),
(375,'PROL.PADRÓ3R2A.'),
(376,'JOANMIRÓ10'),
(378,'PINTORSERT11R1A.'),
(379,'JAUMEGALOBART11'),
(380,'JAUMEI10'),
(383,'DOCTORFLEMING11'),
(384,'GALILEU12'),
(388,'SANTJOAN1RB'),
(391,'SANTISCLE1'),
(393,'DOCTORFLEMING11'),
(394,'PROL.PADRÓ3R.1A.'),
(395,'FRANCESCDEVITÒRIA14T2A'),
(396,'SANTVALENTÍ11R.'),
(397,'PADRÓ109'),
(398,'GERMANDURAN21'),
(400,'JACINTVERDAGUER52N4A.'),
(401,'SANTJOAN3R.A'),
(402,'AVINGUDATRES3R1A.'),
(403,'JOANXXIII43'),
(404,'JAUMEBALMES731A.'),
(405,'DELAPESCA1R1A.'),
(406,'PROL.PADRÓ3R.1A.'),
(408,'PROL.JACINTVERDAGUER2N2A.'),
(409,'SANTISCLE6'),
(412,'JACINTVERDAGUER13'),
(413,'JACINTVERDAGUER531A.'),
(414,'NOU2N.'),
(415,'GALILEU12'),
(416,'MALLORCA11'),
(418,'TRESROURES14T2A'),
(419,'PROL.PADRÓ3R2A.'),
(420,'CARLESBUÏGAS11R1A.'),
(422,'DELAPAU8'),
(424,'DELACAÇA11RC'),
(425,'MONTSERRAT10'),
(426,'MORAGUES1'),
(427,'VIC30(TORROELLA)'),
(428,'ARTÈS11A.'),
(438,'JOSEPBOIXADERAS1'),
(439,'VILATORRADA6'),
(441,'PADRÓ109'),
(444,'CAUDELAGUINEU4'),
(445,'MONTURIOL11R.'),
(447,'DELAPAU8'),
(448,'DELAPAU1'),
(449,'DELACAÇA12NC');

INSERT INTO tiene VALUES
(1,1231,2),
(1,1234,2),
(1,23422,1),
(1,1242,2),
(2,1232,2),
(2,1253,1),
(2,23413,1),
(3,1231,4),
(3,1252,4),
(4,1253,2),
(4,23433,1),
(4,23443,1),
(5,1243,2),
(5,1261,2),
(5,1262,2),
(5,1263,2),
(6,1233,2),
(6,1234,2),
(6,23422,1),
(6,1242,2),
(7,1234,2),
(7,1253,1),
(7,23413,1),
(8,1232,4),
(8,1252,4),
(9,1253,2),
(9,23433,1),
(9,23443,1),
(10,1243,2),
(10,1261,2),
(10,1262,2),
(10,1263,2),
(11,1231,3),
(11,1232,3),
(11,1233,3),
(11,1234,2),
(12,1241,2),
(12,1242,3),
(12,1243,2),
(13,1251,2),
(14,1252,1),
(14,1253,2),
(14,1261,3),
(14,1262,3),
(15,1263,2),
(15,23411,2),
(15,23412,3),
(15,23413,3),
(16,23421,3),
(16,23422,3),
(17,23423,3),
(17,23431,3),
(17,23432,1),
(18,23433,2),
(19,23441,3),
(19,23442,3),
(19,23443,3),
(20,1231,3),
(20,1232,3),
(20,1233,3),
(20,1234,1),
(20,1241,3),
(21,1242,3),
(22,1243,1),
(22,1251,3),
(23,1252,2),
(23,1253,3),
(24,1261,2),
(24,1262,1),
(24,1263,3),
(25,23411,3),
(25,23412,3),
(26,23413,1),
(26,23421,2),
(27,23422,1),
(27,23423,2),
(28,23431,3),
(28,23432,1),
(29,23433,1),
(29,23441,3),
(30,23442,2),
(31,23443,2),
(32,1231,1),
(32,1232,3),
(32,1233,1),
(32,1234,1),
(33,1241,1),
(33,1242,2),
(33,1243,2),
(34,1251,3),
(34,1252,2),
(35,1253,2),
(35,1261,2),
(35,1262,3),
(35,1263,3),
(36,23411,3),
(37,23412,1),
(37,23413,1),
(38,23421,1),
(38,23422,1),
(38,23423,3),
(39,23431,2),
(39,23432,2),
(39,23433,3),
(40,23441,2),
(40,23442,3),
(41,23443,2),
(41,1231,1),
(41,1232,1),
(42,1233,1),
(42,1234,2),
(42,1241,2),
(42,1242,1),
(43,1243,2),
(43,1251,2),
(43,1252,3),
(44,1253,3),
(44,1261,2),
(44,1262,3),
(45,1263,2),
(45,23411,3),
(46,23412,3),
(46,23413,3),
(46,23421,3),
(46,23422,1),
(47,23423,2),
(47,23431,3),
(48,23432,1),
(48,23433,3),
(48,23441,2),
(49,23442,3),
(49,23443,2),
(49,1231,3),
(50,1232,2),
(51,1233,1),
(51,1234,3),
(52,1241,3),
(52,1242,2),
(53,1243,2),
(53,1251,1),
(53,1252,3),
(53,1253,3),
(54,1261,2),
(55,1262,2),
(56,1263,2),
(56,23411,1),
(57,23412,1),
(57,23413,3),
(57,23421,1),
(57,23422,1),
(57,23423,3),
(58,23431,1),
(58,23432,3),
(58,23433,3),
(58,23441,1),
(59,23442,1),
(59,23443,3),
(59,1231,2),
(59,1232,2),
(60,1233,2),
(60,1234,3),
(61,1241,3),
(61,1242,1),
(61,1243,2),
(62,1251,1),
(62,1252,3),
(62,1253,3),
(62,1261,1),
(63,1262,3),
(63,1263,3),
(63,23411,1),
(64,23412,3),
(64,23413,1),
(64,23421,3),
(65,23422,3),
(65,23423,1),
(65,23431,1),
(65,23432,1),
(66,23433,2),
(66,23441,3),
(67,23442,1),
(67,23443,2),
(68,1231,2),
(68,1232,2),
(69,1233,1),
(69,1234,2),
(69,1241,1),
(70,1242,1),
(70,1243,1),
(70,1251,1),
(71,1252,1),
(71,1253,3),
(71,1261,3),
(71,1262,1),
(72,1263,1),
(72,23411,1),
(72,23412,3),
(73,23413,1),
(73,23421,1),
(73,23422,1),
(74,23423,3),
(74,23431,3),
(75,23432,2),
(75,23433,3),
(76,23441,3),
(76,23442,2),
(77,23443,3),
(77,1231,3),
(77,1232,1),
(78,1233,3),
(78,1234,2),
(78,1241,3),
(79,1242,2),
(79,1243,2),
(80,1251,3),
(80,1252,2),
(80,1253,3),
(80,1261,3),
(81,1262,3),
(81,1263,1),
(81,23411,1),
(81,23412,1),
(82,23413,2),
(82,23421,2),
(82,23422,1),
(82,23423,1),
(83,23431,3),
(83,23432,2),
(83,23433,2),
(83,23441,1),
(84,23442,1),
(84,23443,1),
(85,1231,2),
(85,1232,2),
(86,1233,2),
(86,1234,1),
(86,1241,2),
(87,1251,3),
(87,1252,2),
(87,1253,1),
(87,1261,2),
(88,1262,1),
(88,1263,1),
(88,23411,3),
(89,23412,1),
(89,23413,2),
(89,23421,3),
(89,23422,3),
(90,23423,1),
(90,23431,1),
(90,23432,3),
(91,23433,3),
(91,23441,3),
(92,23442,2),
(92,23443,3),
(93,1231,1),
(93,1232,2),
(94,1233,2),
(94,1234,3),
(95,1241,3),
(95,1242,1),
(95,1243,3),
(96,1251,3),
(96,1252,2),
(96,1253,3),
(97,1261,1),
(97,1262,1),
(98,1263,1),
(99,23411,1),
(100,23412,2),
(100,23413,3),
(100,23421,3),
(100,23422,2),
(101,23423,3),
(101,23431,1),
(101,23432,3),
(101,23433,1),
(102,23441,2),
(102,23442,1),
(102,23443,2),
(103,1231,3),
(103,1232,3),
(103,1233,3),
(103,1234,3),
(104,1241,3),
(105,1242,3),
(105,1243,1),
(105,1251,3),
(106,1252,1),
(106,1253,2),
(107,1261,3),
(107,1262,2),
(108,1263,2),
(108,23411,3),
(108,23412,2),
(108,23413,3),
(108,23421,2),
(109,23422,1),
(109,23423,3),
(110,23431,1),
(111,23432,2),
(111,23433,3),
(111,23441,1),
(111,23442,2),
(112,23443,1),
(112,1231,3),
(112,1232,3),
(112,1233,1),
(113,1234,1),
(113,1241,3),
(114,1242,1),
(114,1243,2),
(114,1251,3),
(115,1252,2),
(115,1253,3),
(115,1261,1),
(116,1262,2),
(116,1263,2),
(116,23411,2),
(116,23412,1),
(117,23413,1),
(117,23421,3),
(117,23422,2),
(117,23423,1),
(118,23431,2),
(118,23432,1),
(119,23433,3),
(119,23441,2),
(120,23442,2),
(121,23443,1),
(121,1231,1),
(122,1232,2),
(122,1233,1),
(123,1234,1),
(124,1241,3),
(124,1242,1),
(125,1243,2),
(125,1251,1),
(125,1252,2),
(126,1253,3),
(127,1261,2),
(127,1262,3),
(128,1263,3),
(128,23411,2),
(128,23412,3),
(129,23413,2),
(129,23421,3),
(129,23422,1),
(129,23423,1),
(129,23431,3),
(130,23432,3),
(130,23433,3),
(131,23441,3),
(131,23442,3),
(131,23443,2),
(131,1231,2),
(132,1232,2),
(132,1233,3),
(133,1234,3),
(134,1241,1),
(134,1242,1),
(135,1243,3),
(135,1251,1),
(136,1252,3),
(136,1253,1),
(136,1261,1),
(137,1262,3),
(137,1263,2),
(137,23411,3),
(138,23412,1),
(138,23413,2),
(138,23421,2),
(139,23422,2),
(139,23423,1),
(139,23431,1),
(139,23432,1),
(140,23433,2),
(141,23441,2),
(141,23442,1),
(142,23443,3),
(142,1231,3),
(142,1232,3),
(143,1233,3),
(144,1234,3),
(144,1241,2),
(145,1242,3),
(145,1243,1),
(145,1251,2),
(146,1252,1),
(146,1253,3),
(147,1261,3),
(147,1262,2),
(147,1263,2),
(147,23411,1),
(147,23412,1),
(148,23413,3),
(148,23421,2),
(148,23422,2),
(148,23423,2),
(149,23431,1),
(149,23432,3),
(150,23433,1),
(150,23441,2),
(151,23442,1),
(151,23443,1),
(151,1231,1),
(152,1232,2),
(152,1233,2),
(152,1234,2),
(153,1241,1),
(153,1242,1),
(154,1243,1),
(154,1251,3),
(154,1252,3),
(155,1253,3),
(155,1261,3),
(155,1262,3),
(155,1263,2),
(155,23411,1),
(156,23412,2),
(156,23413,1),
(157,23421,1),
(157,23422,1),
(157,23423,2),
(158,23431,1),
(158,23432,2),
(159,23433,1),
(159,23441,1),
(159,23442,3),
(160,23443,3),
(160,1231,3),
(160,1232,1),
(160,1233,2),
(161,1234,2),
(161,1241,1),
(161,1242,1),
(162,1243,3),
(163,1251,3),
(163,1252,2),
(163,1253,2),
(164,1261,2),
(164,1262,3),
(164,1263,2),
(165,23411,2),
(165,23412,3),
(165,23413,1),
(166,23421,3),
(167,23422,3),
(167,23423,1),
(167,23431,1),
(168,23432,2),
(169,23433,2),
(169,23441,1),
(170,23442,3),
(170,23443,3),
(171,1231,1),
(171,1232,3),
(171,1233,2),
(171,1234,1),
(172,1241,3),
(173,1242,1),
(173,1243,2),
(173,1251,2),
(174,1252,2),
(174,1253,3),
(174,1261,2),
(174,1262,2),
(175,1263,1),
(175,23411,1),
(176,23412,1),
(176,23413,1),
(176,23421,1),
(177,23422,1),
(177,23423,2),
(177,23431,3),
(177,23432,2),
(178,23433,3),
(178,23441,3),
(179,23442,3),
(179,23443,3),
(180,1231,1),
(181,1232,1),
(181,1233,1),
(182,1234,2),
(182,1241,3),
(183,1242,2),
(183,1243,1),
(183,1251,3),
(183,1252,3),
(183,1253,3),
(184,1261,2),
(184,1262,2),
(184,1263,2),
(185,23411,3),
(185,23412,2),
(186,23413,3),
(186,23421,1),
(187,23422,3),
(187,23423,1),
(187,23431,1),
(187,23432,2),
(188,23433,1),
(188,23441,1),
(189,23442,3),
(189,23443,3),
(189,1231,1),
(190,1232,2),
(191,1233,2),
(191,1234,3),
(191,1241,1),
(192,1242,1),
(192,1243,1),
(193,1251,1),
(193,1252,3),
(193,1253,3),
(193,1261,1),
(194,1262,1),
(194,1263,3),
(194,23411,2),
(195,23412,1),
(196,23413,3),
(196,23421,3),
(196,23422,2),
(197,23423,2),
(197,23431,2),
(198,23432,2),
(198,23433,2),
(198,23441,1),
(198,23442,1),
(198,23443,1),
(199,1231,1),
(199,1232,2),
(200,1233,1),
(200,1234,3),
(201,1241,1),
(202,1242,2),
(202,1243,3),
(203,1251,1),
(203,1252,1),
(203,1253,1),
(204,1261,3),
(204,1262,2),
(204,1263,2),
(205,23411,2),
(205,23412,2),
(206,23413,3),
(206,23421,1),
(206,23422,1),
(207,23423,2),
(207,23431,1),
(207,23432,1),
(208,23433,3),
(209,23441,1),
(209,23442,2),
(209,23443,2),
(210,1231,1),
(210,1232,3),
(211,1233,3),
(212,1234,3),
(213,1241,3),
(213,1242,2),
(213,1243,1),
(213,1251,2),
(214,1252,1),
(214,1253,1),
(214,1261,3),
(214,1262,2),
(215,1263,2),
(215,23411,2),
(216,23412,3),
(216,23413,3),
(217,23421,3),
(217,23422,3),
(218,23423,1),
(219,23431,2),
(219,23432,2),
(219,23433,2),
(220,23441,2),
(220,23442,2),
(221,23443,2),
(222,1231,3),
(222,1232,2),
(222,1233,3),
(222,1234,3),
(223,1241,3),
(223,1242,2),
(223,1243,1),
(223,1251,3),
(223,1252,2),
(224,1253,1),
(224,1261,3),
(224,1262,2),
(225,1263,2),
(225,23411,3),
(226,23412,1),
(226,23413,3),
(226,23421,3),
(226,23422,1),
(226,23423,3),
(227,23431,3),
(227,23432,2),
(227,23433,2),
(228,23441,1),
(229,23442,1),
(229,23443,1),
(229,1231,3),
(229,1232,1),
(230,1233,1),
(230,1234,3),
(231,1241,3),
(231,1242,3),
(231,1243,1),
(231,1251,2),
(232,1252,3),
(232,1253,2),
(232,1261,3),
(233,1262,1),
(233,1263,2),
(234,23411,3),
(234,23412,3),
(235,23413,3),
(235,23421,3),
(235,23422,3),
(236,23423,1),
(236,23431,3),
(236,23432,3),
(236,23433,3),
(237,23441,3),
(237,23442,1),
(237,23443,2),
(237,1231,3),
(238,1232,3),
(238,1233,1),
(238,1234,1),
(238,1241,3),
(239,1242,1),
(239,1243,3),
(240,1251,3),
(240,1252,2),
(240,1253,2),
(241,1261,3),
(241,1262,3),
(242,1263,2),
(242,23411,2),
(243,23412,3),
(243,23413,1),
(243,23421,1),
(243,23422,1),
(244,23423,3),
(245,23431,3),
(245,23432,2),
(246,23433,2),
(246,23441,3),
(246,23442,3),
(246,23443,1),
(247,1231,2),
(247,1232,3),
(247,1233,3),
(247,1234,2),
(248,1241,3),
(248,1242,3),
(248,1243,3),
(249,1251,1),
(249,1252,2),
(249,1253,1),
(249,1261,2),
(250,1262,3),
(250,1263,1),
(251,23411,2),
(251,23412,2),
(251,23413,1),
(252,23421,3),
(252,23422,2),
(253,23423,2),
(253,23431,3),
(254,23432,1),
(254,23433,2),
(255,23441,3),
(255,23442,1),
(256,23443,1),
(256,1231,1),
(256,1232,3),
(256,1233,1),
(257,1234,2),
(257,1241,1),
(258,1242,3),
(258,1243,1),
(258,1251,3),
(259,1252,1),
(259,1253,1),
(260,1261,3),
(260,1262,3),
(260,1263,2),
(261,23411,3),
(261,23412,3),
(261,23413,2),
(261,23421,2),
(262,23422,3),
(263,23423,3),
(263,23431,1),
(264,23432,2),
(264,23433,2),
(265,23441,1),
(265,23442,3),
(266,23443,2),
(266,1231,1),
(267,1232,2),
(267,1233,1),
(268,1234,2),
(269,1241,1),
(269,1242,1),
(269,1243,1),
(269,1251,2),
(270,1252,3),
(270,1253,2),
(270,1261,2),
(270,1262,3),
(271,1263,1),
(271,23411,1),
(271,23412,1),
(272,23413,1),
(272,23421,1),
(273,23422,1),
(274,23423,2),
(274,23431,3),
(274,23432,3),
(274,23433,1),
(275,23441,3),
(275,23442,2),
(275,23443,2),
(276,1231,1),
(276,1232,1),
(277,1233,1),
(277,1234,2),
(277,1241,3),
(277,1242,2),
(278,1243,2),
(279,1251,2),
(279,1252,3),
(279,1253,2),
(280,1261,1),
(280,1262,2),
(280,1263,1),
(281,23411,1),
(282,23412,2),
(282,23413,1),
(282,23421,3),
(283,23422,2),
(283,23423,2),
(283,23431,2),
(284,23432,1),
(284,23433,3),
(284,23441,2),
(284,23442,2),
(285,23443,1),
(286,1231,2),
(286,1232,2),
(286,1233,2),
(287,1234,3),
(287,1241,3),
(287,1242,1),
(288,1243,3),
(289,1251,1),
(289,1252,1),
(290,1253,3),
(291,1261,2),
(291,1262,3),
(292,1263,1),
(292,23411,2),
(293,23412,3),
(294,23413,1),
(294,23421,1),
(295,23422,3),
(295,23423,3),
(295,23431,2),
(295,23432,3),
(295,23433,2),
(296,23441,3),
(296,23442,2),
(296,23443,3),
(297,1231,1),
(297,1232,2),
(297,1233,1),
(298,1234,3),
(298,1241,3),
(298,1242,1),
(298,1243,3),
(299,1251,2),
(299,1252,3),
(299,1253,2),
(299,1261,1),
(300,1262,3),
(300,1263,2),
(301,23411,2),
(301,23412,1),
(301,23413,2),
(301,23421,3),
(302,23422,1),
(303,23423,1),
(304,23431,2),
(305,23432,2),
(305,23433,3),
(305,23441,2),
(305,23442,2),
(306,23443,2),
(306,1231,3),
(307,1232,3),
(307,1233,3),
(307,1234,1),
(307,1241,2),
(307,1242,2),
(308,1243,1),
(308,1251,2),
(308,1252,2),
(309,1253,3),
(309,1261,2),
(309,1262,1),
(309,1263,3),
(310,23411,2),
(310,23412,3),
(310,23413,2),
(311,23421,1),
(311,23422,2),
(312,23423,1),
(312,23431,1),
(312,23432,1),
(312,23433,1),
(313,23441,2),
(314,23442,1),
(314,23443,2),
(315,1231,3),
(316,1232,2),
(317,1233,3),
(317,1234,3),
(318,1241,2),
(318,1242,3),
(318,1243,3),
(318,1251,3),
(319,1252,1),
(319,1253,2),
(319,1261,3),
(319,1262,3),
(320,1263,2),
(320,23411,2),
(320,23412,2),
(320,23413,3),
(320,23421,2),
(321,23422,3),
(321,23423,3),
(322,23431,2),
(323,23432,3),
(323,23433,3),
(324,23441,2),
(324,23442,2),
(325,23443,1),
(325,1231,1),
(325,1232,2),
(325,1233,2),
(326,1234,2),
(326,1241,2),
(327,1242,1),
(328,1243,3),
(328,1251,3),
(328,1252,2),
(329,1253,2),
(329,1261,3),
(329,1262,1),
(330,1263,2),
(330,23411,3),
(330,23412,3),
(331,23413,3),
(332,23421,3),
(333,23422,2),
(333,23423,1),
(334,23431,3),
(334,23432,3),
(334,23433,1),
(335,23441,3),
(335,23442,1),
(335,23443,3),
(335,1231,3),
(336,1232,2),
(336,1233,3),
(336,1234,2),
(337,1241,2),
(337,1242,1),
(337,1243,3),
(338,1251,3),
(339,1252,3),
(339,1253,1),
(339,1261,3),
(340,1262,1),
(340,1263,2),
(341,23411,3),
(341,23412,1),
(342,23413,1),
(342,23421,2),
(342,23422,1),
(343,23423,1),
(344,23431,2),
(344,23432,1),
(344,23433,1),
(345,23441,2),
(346,23442,3),
(346,23443,1),
(346,1231,3),
(346,1232,1),
(347,1233,2),
(347,1234,1),
(348,1241,1),
(348,1242,2),
(348,1243,3),
(348,1251,2),
(349,1252,2),
(349,1253,3),
(350,1261,2),
(351,1262,1),
(351,1263,2),
(352,23411,2),
(352,23412,3),
(352,23413,2),
(352,23421,2),
(352,23422,3),
(353,23423,2),
(354,23431,2),
(354,23432,3),
(354,23433,3),
(355,23441,3),
(355,23442,1),
(355,23443,2),
(356,1231,2),
(356,1232,3),
(356,1233,1),
(357,1234,3),
(358,1241,3),
(358,1242,1),
(359,1243,2),
(360,1251,3),
(360,1252,3),
(360,1253,1),
(360,1261,2),
(361,1262,2),
(361,1263,3),
(362,23411,1),
(363,23412,3),
(363,23413,1),
(364,23421,2),
(364,23422,2),
(364,23423,3),
(365,23431,2),
(365,23432,3),
(366,23433,2),
(366,23441,1),
(366,23442,1),
(366,23443,2),
(367,1231,1),
(367,1232,1),
(367,1233,2),
(367,1234,3),
(368,1241,2),
(368,1242,3),
(368,1243,3),
(368,1251,3),
(368,1252,2),
(369,1253,3),
(369,1261,3),
(370,1262,1),
(370,1263,1),
(370,23411,2),
(371,23412,1),
(372,23413,2),
(373,23421,2),
(373,23422,3),
(373,23423,3),
(374,23431,2),
(374,23432,1),
(375,23433,3),
(375,23441,3),
(375,23442,1),
(376,23443,3),
(376,1231,1),
(377,1232,1),
(377,1233,2),
(377,1234,1),
(378,1241,3),
(378,1242,3),
(378,1243,2),
(379,1251,1),
(379,1252,3),
(379,1253,2),
(380,1261,1),
(380,1262,1),
(380,1263,3),
(380,23411,2),
(381,23412,2),
(381,23413,1),
(381,23421,2),
(381,23422,3),
(382,23423,3),
(382,23431,2),
(383,23432,2),
(383,23433,1),
(383,23441,2),
(384,23442,2),
(384,23443,2),
(384,1231,1),
(385,1232,3),
(385,1233,3),
(386,1234,1),
(386,1241,3),
(387,1242,2),
(387,1243,3),
(387,1251,1),
(388,1252,3),
(388,1253,2),
(388,1261,2),
(388,1262,1),
(389,1263,2),
(389,23411,3),
(389,23412,1),
(390,23413,1),
(390,23421,2),
(390,23422,3),
(390,23423,3),
(391,23431,3),
(391,23432,3),
(391,23433,3),
(392,23441,1),
(392,23442,2),
(392,23443,1),
(393,1231,2),
(394,1232,2),
(394,1233,2),
(394,1234,3),
(394,1241,1),
(395,1242,3),
(396,1243,3),
(396,1251,1),
(397,1252,1),
(397,1253,1),
(397,1261,1),
(397,1262,3),
(398,1263,1),
(398,23411,3),
(398,23412,2),
(398,23413,1),
(399,23421,1),
(400,23422,2),
(400,23423,3),
(400,23431,3),
(400,23432,3),
(401,23433,1),
(401,23441,1),
(401,23442,3),
(401,23443,2),
(402,1231,3),
(402,1232,1),
(403,1233,2),
(403,1234,2),
(403,1241,1),
(404,1242,1),
(404,1243,1),
(404,1251,2),
(405,1252,2),
(405,1253,3),
(406,1261,3),
(407,1262,1),
(407,1263,1),
(407,23411,1),
(407,23412,1),
(408,23413,3),
(408,23421,1),
(408,23422,1),
(409,23423,1),
(409,23431,2),
(410,23432,2),
(410,23433,3),
(411,23441,2),
(411,23442,1),
(412,23443,2),
(413,1231,1),
(414,1232,3),
(414,1233,2),
(414,1234,1),
(415,1241,2),
(415,1242,2),
(415,1243,1),
(415,1251,2),
(416,1252,2),
(416,1253,1),
(417,1261,3),
(417,1262,3),
(417,1263,2),
(418,23411,3),
(419,23412,2),
(419,23413,3),
(419,23421,1),
(420,23422,3),
(420,23423,2),
(420,23431,3),
(420,23432,1),
(420,23433,3),
(421,23441,1),
(421,23442,3),
(422,23443,3),
(422,1231,3),
(422,1232,3),
(423,1233,3),
(423,1234,1),
(423,1241,2),
(423,1242,1),
(424,1243,3),
(424,1251,1),
(424,1252,2),
(424,1253,3),
(425,1261,2),
(425,1262,3),
(425,1263,2),
(426,23411,1),
(426,23412,3),
(426,23413,3),
(427,23421,2),
(427,23422,2),
(427,23423,3),
(428,23431,3),
(428,23432,3),
(428,23433,1),
(429,23441,1),
(430,23442,2),
(430,23443,3),
(431,1231,1),
(431,1232,3),
(432,1233,2),
(432,1234,3),
(433,1241,1),
(434,1242,3),
(434,1243,2),
(435,1251,3),
(435,1252,1),
(436,1253,1),
(436,1261,1),
(437,1262,3),
(437,1263,1),
(438,23411,3),
(438,23412,1),
(438,23413,3),
(438,23421,1),
(439,23422,1),
(439,23423,2),
(439,23431,2),
(439,23432,1),
(440,23433,3),
(440,23441,2),
(440,23442,2),
(441,23443,3),
(441,1231,1),
(441,1232,1),
(442,1233,1),
(442,1234,2),
(443,1241,2),
(444,1242,3),
(444,1243,1),
(445,1251,2),
(445,1252,1),
(446,1253,2),
(447,1261,3),
(447,1262,2),
(447,1263,2),
(447,23411,2),
(447,23412,3),
(448,23413,2),
(448,23421,3),
(448,23422,1),
(448,23423,3),
(449,23431,3),
(449,23432,1),
(449,23433,1),
(449,23441,2),
(450,23442,2),
(451,23443,1),
(451,1231,1),
(451,1232,3),
(451,1233,1),
(452,1234,3),
(452,1241,2),
(453,1242,1),
(454,1243,2),
(455,1251,1),
(455,1252,3),
(455,1253,3),
(455,1261,1),
(456,1262,3),
(456,1263,3),
(456,23411,3),
(457,23412,3),
(458,23413,3),
(459,23421,2),
(459,23422,3),
(460,23423,1),
(460,23431,1),
(460,23432,3);

INSERT INTO ocupa VALUES
(1,1,'42232316-3'),
(3,3,'51986651-K'),
(4,4,'42957743-8'),
(5,5,'18864263-2'),
(8,8,'84464435-3'),
(10,10,'32947945-5');


--update ingrediente set stock = 20 WHERE nombre = 'ketchup';