/* ingredientes */
INSERT INTO ingrediente(id_ingrediente,nombre,stock,u_m,fecha_exp,valor_unitario) VALUES
(1,'aceite',1900,'L','2023-01-01',2000),
(2,'sal',100,'kg','2024-01-01',200),
(3,'pan',500,'kg','2022-11-29',1500),
(4,'tocino',100,'kg','2022-12-18',1500),
(5,'huevo',2000,'unidad','2022-12-07',100),
(6,'queso',300,'kg','2022-12-20',10000),
(7,'cebolla morada',100,'kg','2022-12-15',500),
(8,'tomate',100,'kg','2022-12-05',900),
(9,'lechuga',50,'unidad','2022-12-09',500),
(10,'vienesa',200,'kg','2022-12-28',3500),
(11,'palta',200,'kg','2022-12-14',1500),
(12,'chucrut',300,'kg','2022-12-13',1500),
(13,'papas prefritas',300,'kg','2022-12-28',2500),
(14,'mayonesa',100,'kg','2022-12-26',2300),
(15,'ketchup',100,'kg','2022-12-13',2500),
(16,'mostaza',100,'kg','2023-12-11',2000),
(17,'carne',200,'kg','2022-12-17',9000),
(18,'pollo',100,'kg','2022-12-22',4000),
(19,'jamon',20,'kg','2023-05-14',8500),
(20,'lomo',100,'kg','2023-03-18',10000),
(21,'coca-cola',300,'L','2022-12-18',1000),
(22,'sprite',300,'L','2022-12-24',1000),
(23,'fanta',300,'L','2022-12-1',1000),
(24,'kem',300,'L','2022-12-6',1000),
(25,'pan completo',100,'kg','2022-12-6',1600);

/* Hamburguesa1 y Hamburguesa2*/
INSERT INTO producto(id_producto,nombre,porcentaje_ganancia,tmp_preparacion) VALUES
(1231,'Hamburguesa1',35,15),
(1232,'Hamburguesa2',35,15),
(1233,'Hamburguesa Italiana',35,15),
(1234,'Barros Luco',35,10),

(1241,'Papas fritas chica',35,10),
(1242,'Papas fritas grande',35,10),
(1243,'Papas fritas familiar',35,10),

(1251,'Pichanga caliente para 2',35,25),
(1252,'Pichanga caliente mediana',35,25),
(1253,'Pichanga caliente familiar',35,25),

(1261,'Completo Italiano',35,25),
(1262,'Completo has',35,25),
(1263,'Completo has queso',35,25),

(23411,'coca-cola chica',35,25),
(23412,'coca-cola litro',35,25),
(23413,'coca-cola 1.5L',35,25),
(23421,'sprite chica',35,25),
(23422,'sprite litro',35,25),
(23423,'sprite 1.5L',35,25),
(23431,'fanta chica',35,25),
(23432,'fanta litro',35,25),
(23433,'fanta 1.5L',35,25),
(23441,'kem chica',35,25),
(23442,'kem litro',35,25),
(23443,'kem 1.5L',35,25);


/* relacion entre producto e ingredientes*/
INSERT INTO compone(id_producto,id_ingrediente,cantidad_ingrediente) VALUES
--Hamburguesa1
(1231,1,0.02),
(1231,2,0.03),
(1231,3,1),
(1231,4,0.08),
(1231,6,0.042),
(1231,7,0.03),
(1231,8,0.1),
(1231,9,0.05),
(1231,17,0.15),
--Hamburguesa2
(1232,1,0.02),
(1232,2,0.03),
(1232,3,1),
(1232,4,0.08),
(1232,5,1),
(1232,6,0.084),
(1232,7,0.03),
(1232,8,0.1),
(1232,9,0.05),
(1232,11,0.1),
(1232,17,0.2),
--Hamburguesa Italiana
(1233,1,0.02),
(1233,2,0.03),
(1233,3,1),
(1233,8,0.15),
(1233,11,0.15),
(1233,14,0.02),
(1233,17,0.15),
--Barros Luco
(1234,1,0.02),
(1234,2,0.03),
(1234,3,1),
(1234,17,0.15),
(1234,6,0.08),

--Papas fritas chica
(1241,1,0.1),
(1241,2,0.02),
(1241,13,0.25),
--Papas fritas grande
(1242,1,0.15),
(1242,2,0.04),
(1242,13,0.5),
--Papas fritas familiar
(1243,1,0.175),
(1243,2,0.06),
(1243,13,0.75),

--Pichanga caliente para 2
(1251,1,0.25),
(1251,2,0.12),
(1251,5,3),
(1251,6,0.25),
(1251,8,0.175),
(1251,10,0.25),
(1251,11,0.15),
(1251,13,0.3),
(1251,14,0.075),
(1251,15,0.075),
(1251,16,0.075),
(1251,17,0.15),
(1251,18,0.15),
--Pichanga caliente mediana
(1252,1,0.4),
(1252,2,0.2),
(1252,5,6),
(1252,6,0.4),
(1252,8,0.25),
(1252,10,0.5),
(1252,11,0.25),
(1252,13,0.5),
(1252,14,0.15),
(1252,15,0.15),
(1252,16,0.15),
(1252,17,0.25),
(1252,18,0.25),
--Pichanga caliente familiar
(1253,1,0.5),
(1253,2,0.35),
(1253,5,8),
(1253,6,0.6),
(1253,8,0.4),
(1253,10,0.75),
(1253,11,0.4),
(1253,13,0.65),
(1253,14,0.3),
(1253,15,0.2),
(1253,16,0.3),
(1253,17,0.4),
(1253,18,0.4),

--completo italiano
(1261,25,0.1),
(1261,10,0.1),
(1261,8,0.075),
(1261,11,0.075),
(1261,14,0.05),
--completo hass
(1262,25,0.1),
(1262,20,0.1),
(1262,8,0.075),
(1262,11,0.075),
(1262,14,0.05),
--completo hass
(1263,25,0.1),
(1263,20,0.1),
(1263,8,0.075),
(1263,11,0.075),
(1263,14,0.05),
(1263,6,0.1),

--coca-cola
(23411,21,0.33),
(23412,21,1),
(23413,21,1.5),
--sprite
(23421,22,0.33),
(23422,22,1),
(23423,22,1.5),
--fanta
(23431,23,0.33),
(23432,23,1),
(23433,23,1.5),
--kem
(23441,24,0.33),
(23442,24,1),
(23443,24,1.5);

/* mesa */
INSERT INTO mesa(num_mesa) VALUES
(1),
(2),
(3),
(4),
(5),
(6),
(7),
(8),
(9),
(10);

/* trabajadores */
INSERT INTO trabajador(RUT,nombre,apellido,cargo,sueldo) VALUES
('84683876-7','Amrane','JIMENEZ','mesero','500000'),
('36967631-8','Anish','HERNANDEZ','lavaplatos','450000'),
('41535864-4','Arián','RUIZ','auxiliar de aseo','450000'),
('42472558-7','Ayun','DIAZ','gerente','850000'),
('45631924-6','Azariel','MORENO','bartender','700000'),
('37963643-8','Bagrat','MUÑOZ','portero','450000'),
('84123398-0','Bencomo','ALVAREZ','bodeguero','500000'),
('95548416-9','Bertino','ROMERO','administrador','7450000'),
('95283823-7','Candi','GUTIERREZ','cajero','450000'),
('87563488-7','Cesc','ALONSO','chef','650000');

INSERT INTO egreso VALUES
(1,CURRENT_DATE,'pago trabajador',500000),
(2,CURRENT_DATE,'pago trabajador',450000),
(3,CURRENT_DATE,'pago trabajador',450000),
(4,CURRENT_DATE,'pago trabajador',850000),
(5,CURRENT_DATE,'pago trabajador',700000),
(6,CURRENT_DATE,'pago trabajador',450000),
(7,CURRENT_DATE,'pago trabajador',500000),
(8,CURRENT_DATE,'pago trabajador',745000),
(9,CURRENT_DATE,'pago trabajador',450000),
(10,CURRENT_DATE,'pago trabajador',650000);

INSERT INTO pago_trabajador VALUES
(1),
(2),
(3),
(4),
(5),
(6),
(7),
(8),
(9),
(10);

/* proveedor */
INSERT INTO proveedor VALUES
(1,'Juanito Pascal','Soprole','+56912344321'),
(2,'Jimmy Neutron','Carnes Angus','+56956788765'),
(3,'Jhonny Bravo','La Vega','+56978900987'),
(4,'Paquito del Barrio','Coca-Cola','+56910293847'),
(5,'Paquita la del Barrio','Cencosud','+56909876543');

/* persona */
INSERT INTO cliente(RUT,nombre,apellido) VALUES
('87423982-8','Adel','GARCIA'),
('51986651-K','Adonis','RODRIGUEZ'),
('42957743-8','Ajaz','GONZALEZ'),
('18864263-2','Akos','FERNANDEZ'),
('41152666-6','Aldo','LOPEZ'),
('12786274-5','Amets','MARTINEZ'),
('84464435-3','Amaro','SANCHEZ'),
('19373328-K','Aquiles','PEREZ'),
('32947945-5','Algimantas','GOMEZ'),
('66888264-1','Alpidio','MARTIN'),
('84683876-7','Amrane','JIMENEZ'),
('36967631-8','Anish','HERNANDEZ'),
('41535864-4','Arián','RUIZ'),
('42472558-7','Ayun','DIAZ'),
('45631924-6','Azariel','MORENO'),
('37963643-8','Bagrat','MUÑOZ'),
('84123398-0','Bencomo','ALVAREZ'),
('95548416-9','Bertino','ROMERO'),
('95283823-7','Candi','GUTIERREZ'),
('87563488-7','Cesc','ALONSO'),
('87874461-6','Cirino','NAVARRO'),
('77849479-5','Crisólogo','TORRES'),
('65918422-2','Cruz','DOMINGUEZ'),
('13762541-5','Danilo','RAMOS'),
('32419686-2','Dareck','VAZQUEZ'),
('31377333-7','Dariel','RAMIREZ'),
('39173196-9','Darin','GIL'),
('69596628-8','Delmiro','SERRANO'),
('87677354-6','Damen','MORALES'),
('66891354-7','Dilan','MOLINA'),
('73621968-9','Dipa','BLANCO'),
('76578936-2','Doménico','SUAREZ'),
('88236257-4','Drago','CASTRO'),
('39674321-3','Edivaldo','ORTEGA'),
('76452915-4','Elvis','DELGADO'),
('51643674-3','Elyan','ORTIZ'),
('96233317-6','Emeric','MARIN'),
('19846816-9','Engracio','RUBIO'),
('63936314-7','Ensa','NUÑEZ'),
('23792175-5','Eñaut','SANZ'),
('64422656-5','Eleazar','MEDINA'),
('91454132-8','Eros','IGLESIAS'),
('88922587-4','Eufemio','CASTILLO'),
('65164261-2','Feiyang','CORTES'),
('89845895-4','Fiorenzo','GARRIDO'),
('22414496-2','Foudil','SANTOS'),
('17145658-4','Galo','GUERRERO'),
('61174452-8','Gastón','LOZANO'),
('55558345-1','Giulio','CANO'),
('34248453-0','Gautam','MENDEZ'),
('16337476-5','Gentil','CRUZ'),
('44922165-6','Gianni','PRIETO'),
('56669647-9','Gianluca','FLORES'),
('56378913-1','Giorgio','HERRERA'),
('58719293-4','Gourav','PEÑA'),
('49567577-7','Grober','LEON'),
('68934546-8','Guido','MARQUEZ'),
('93923958-8','Guifre','CABRERA'),
('31134255-K','Guim','GALLEGO'),
('95787687-0','Hermes','CALVO'),
('73745291-3','Inge','VIDAL'),
('35188373-1','Irai','CAMPOS'),
('44786211-5','Iraitz','REYES'),
('22736664-8','Iyad','VEGA'),
('45173784-8','Iyán','FUENTES'),
('11596521-2','Jeremías','CARRASCO'),
('46185264-5','Joao','DIEZ'),
('43191396-8','Jun','AGUILAR'),
('84749134-5','Khaled','CABALLERO'),
('47718419-7','Leónidas','NIETO'),
('68767641-6','Lier','SANTANA'),
('55455446-6','Lionel','PASCUAL'),
('51136752-2','Lisandro','HERRERO'),
('59888131-6','Lucián','VARGAS'),
('17467511-2','Mael','GIMENEZ'),
('51248665-7','Misael','MONTERO'),
('23274772-2','Moad','HIDALGO'),
('23446376-4','Munir','LORENZO'),
('62282745-K','Nael','SANTIAGO'),
('56961847-9','Najim','IBAÑEZ'),
('13676943-K','Neo','DURAN'),
('19124851-1','Neil','BENITEZ'),
('99885682-5','Nikita','FERRER'),
('53644557-9','Nilo','ARIAS'),
('55455729-5','Otto','MORA'),
('88238869-7','Pep','CARMONA'),
('22144786-7','Policarpo','VICENTE'),
('91472582-8','Radu','ROJAS'),
('31232623-K','Ramsés','SOTO'),
('18464958-6','Rómulo','CRESPO'),
('94114474-8','Roy','ROMAN'),
('79475485-3','Severo','PASTOR'),
('49792933-4','Sidi','VELASCO'),
('86866673-0','Simeón','PARRA'),
('77113681-8','Taha','SAEZ'),
('66659144-5','Tao','MOYA'),
('56296514-9','Vadim','BRAVO'),
('59754716-1','Vincenzo','SOLER'),
('65236287-7','Zaid','GALLARDO'),
('51441465-3','Zigor','RIVERA'),
('15132747-8','Zouhair','ESTEBAN'),
('24771341-7','Hugo','PARDO'),
('54664573-8','Mateo','SILVA'),
('39582327-2','Martín','FRANCO'),
('63338527-0','Lucas','RIVAS'),
('16924695-5','Leo','LARA'),
('71881839-7','Daniel','MERINO'),
('92891714-2','Alejandro','ESPINOSA'),
('14481458-4','Manuel','CAMACHO'),
('21771841-4','Pablo','MENDOZA'),
('26694633-3','Álvaro','VERA'),
('59926751-4','Adrián','IZQUIERDO'),
('21468533-7','Enzo','RIOS'),
('29655165-1','Mario','ARROYO'),
('25919133-5','Diego','CASADO'),
('92326946-0','David','SIERRA'),
('22482136-0','Oliver','REDONDO'),
('24346141-3','Marcos','LUQUE'),
('62817633-7','Thiago','MONTES'),
('87416918-8','Marco','REY'),
('99886713-4','Álex','GALAN'),
('35385254-K','Javier','CARRILLO'),
('98515136-9','Izan','OTERO'),
('23841318-4','Bruno','SEGURA'),
('12641438-2','Miguel','HEREDIA'),
('87788348-5','Antonio','MARCOS'),
('79212553-0','Gonzalo','BERNAL'),
('27394789-2','Liam','SORIANO'),
('48228198-2','Gael','ROBLES'),
('79618731-K','Marc','MARTI'),
('51219348-K','Carlos','PALACIOS'),
('32257111-9','Juan','VALERO'),
('92441564-9','Ángel','CONTRERAS'),
('33358464-6','Dylan','VILA'),
('26418226-3','Nicolás','MACIAS'),
('89435668-5','José','GUERRA'),
('73444699-8','Sergio','VARELA'),
('73198776-9','Gabriel','PEREIRA'),
('16888764-7','Luca','EXPOSITO'),
('97254846-4','Jorge','MIRANDA'),
('76755579-2','Darío','ROLDAN'),
('83334954-6','Íker','BENITO'),
('84887355-1','Samuel','MATEO'),
('23992836-6','Eric','BUENO'),
('92676371-7','Adam','ANDRES'),
('37115819-7','Héctor','GUILLEN'),
('29465575-1','Francisco','VILLAR'),
('61397274-9','Rodrigo','AGUILERA'),
('53312572-7','Jesús','ESCUDERO'),
('28677821-6','Erik','SALAZAR'),
('78849145-K','Amir','MATEOS'),
('71267625-6','Jaime','ACOSTA'),
('17968884-0','Ian','PADILLA'),
('74249332-6','Rubén','CALDERON'),
('11366265-4','Aarón','RIVERO'),
('31862532-8','Iván','CASAS'),
('84956853-1','Pau','APARICIO'),
('89962857-8','Víctor','GUZMAN'),
('97221687-9','Guillermo','BELTRAN'),
('35479495-0','Luis','ESTEVEZ'),
('29378124-9','Mohamed','SALAS'),
('43886414-8','Pedro','GALVEZ'),
('53641319-7','Julen','BERMUDEZ'),
('97417219-4','Unai','MENENDEZ'),
('84369479-9','Rafael','RICO'),
('92964633-9','Santiago','JURADO'),
('62322393-0','Saúl','CONDE'),
('84199655-0','Alberto','QUINTANA'),
('35433576-K','Noah','ARANDA'),
('57987879-7','Aitor','PLAZA'),
('39199752-7','Joel','ABAD'),
('15542877-5','Nil','GRACIA'),
('85558989-3','Jan','AVILA'),
('24264837-4','Pol','HURTADO'),
('51332715-3','Raúl','TRUJILLO'),
('68622136-9','Matías','BLAZQUEZ'),
('96999965-K','Martí','ESCOBAR'),
('83312927-9','Fernando','PACHECO'),
('54365846-4','Andrés','MANZANO'),
('99899967-7','Rayan','SANTAMARIA'),
('43623571-2','Alonso','VILLANUEVA'),
('65647285-5','Ismael','COSTA'),
('59844846-9','Asier','ROCA'),
('11813262-9','Biel','RUEDA'),
('64188499-5','Ander','SERRA'),
('79861458-4','Aleix','CUESTA'),
('91772145-9','Axel','MIGUEL'),
('64745692-8','Alan','MESA'),
('15652415-8','Ignacio','TOMAS'),
('46184825-7','Fabio','LUNA'),
('88159122-7','Neizan','DE'),
('42232316-3','Jon','SIMON'),
('67786737-K','Teo','CASTAÑO'),
('49688566-K','Isaac','ALARCON'),
('71632916-K','Arnau','DEL'),
('52346245-8','Luka','ZAMORA'),
('44191178-5','Max','MALDONADO'),
('35461353-0','Imran','MILLAN'),
('85251683-6','Youssef','LAZARO'),
('73487887-1','Anas','PONS');

INSERT INTO pedido (id_pedido,RUT,fecha_pedido) VALUES
(1,'42232316-3','2022-11-01'),
(2,'87423982-8','2022-11-01'),
(3,'51986651-K','2022-11-01'),
(4,'42957743-8','2022-11-01'),
(5,'18864263-2','2022-11-01'),
(6,'41152666-6','2022-11-01'),
(7,'12786274-5','2022-11-01'),
(8,'84464435-3','2022-11-01'),
(9,'19373328-K','2022-11-01'),
(10,'32947945-5','2022-11-01'),
(11,'58719293-4','2022-11-04'),
(12,'68622136-9','2022-11-05'),
(13,'25919133-5','2022-11-16'),
(14,'39674321-3','2022-11-14'),
(15,'32419686-2','2022-11-14'),
(16,'43623571-2','2022-11-13'),
(17,'41535864-4','2022-11-04'),
(18,'73745291-3','2022-11-09'),
(19,'95283823-7','2022-11-06'),
(20,'33358464-6','2022-11-26'),
(21,'62282745-K','2022-11-24'),
(22,'65236287-7','2022-11-01'),
(23,'16337476-5','2022-11-09'),
(24,'56296514-9','2022-11-06'),
(25,'97254846-4','2022-11-20'),
(26,'35461353-0','2022-11-14'),
(27,'51248665-7','2022-11-13'),
(28,'84749134-5','2022-11-20'),
(29,'87416918-8','2022-11-14'),
(30,'59888131-6','2022-11-07'),
(31,'73444699-8','2022-11-06'),
(32,'53312572-7','2022-11-11'),
(33,'56961847-9','2022-11-19'),
(34,'15542877-5','2022-11-18'),
(35,'92964633-9','2022-11-25'),
(36,'45173784-8','2022-11-25'),
(37,'69596628-8','2022-11-23'),
(38,'84369479-9','2022-11-18'),
(39,'85558989-3','2022-11-03'),
(40,'12786274-5','2022-11-23'),
(41,'17968884-0','2022-11-15'),
(42,'16924695-5','2022-11-08'),
(43,'62282745-K','2022-11-16'),
(44,'84123398-0','2022-11-08'),
(45,'51219348-K','2022-11-22'),
(46,'22414496-2','2022-11-18'),
(47,'61174452-8','2022-11-24'),
(48,'87416918-8','2022-11-07'),
(49,'74249332-6','2022-11-01'),
(50,'68622136-9','2022-11-20'),
(51,'52346245-8','2022-11-12'),
(52,'92326946-0','2022-11-13'),
(53,'16924695-5','2022-11-22'),
(54,'56669647-9','2022-11-18'),
(55,'89845895-4','2022-11-30'),
(56,'83334954-6','2022-11-17'),
(57,'97417219-4','2022-11-08'),
(58,'13762541-5','2022-11-24'),
(59,'12641438-2','2022-11-12'),
(60,'84887355-1','2022-11-06'),
(61,'79861458-4','2022-11-29'),
(62,'17467511-2','2022-11-23'),
(63,'65647285-5','2022-11-04'),
(64,'26694633-3','2022-11-18'),
(65,'55455729-5','2022-11-28'),
(66,'97221687-9','2022-11-22'),
(67,'43623571-2','2022-11-04'),
(68,'56378913-1','2022-11-26'),
(69,'63338527-0','2022-11-18'),
(70,'25919133-5','2022-11-19'),
(71,'95283823-7','2022-11-07'),
(72,'56296514-9','2022-11-14'),
(73,'49567577-7','2022-11-12'),
(74,'79212553-0','2022-11-20'),
(75,'37963643-8','2022-11-30'),
(76,'91772145-9','2022-11-11'),
(77,'93923958-8','2022-11-01'),
(78,'64188499-5','2022-11-11'),
(79,'84464435-3','2022-11-07'),
(80,'66891354-7','2022-11-23'),
(81,'53644557-9','2022-11-18'),
(82,'59888131-6','2022-11-26'),
(83,'41535864-4','2022-11-09'),
(84,'15132747-8','2022-11-08'),
(85,'31232623-K','2022-11-25'),
(86,'95548416-9','2022-11-27'),
(87,'65918422-2','2022-11-15'),
(88,'64422656-5','2022-11-28'),
(89,'79861458-4','2022-11-09'),
(90,'66888264-1','2022-11-11'),
(91,'64745692-8','2022-11-26'),
(92,'17968884-0','2022-11-27'),
(93,'32947945-5','2022-11-07'),
(94,'97254846-4','2022-11-07'),
(95,'26418226-3','2022-11-19'),
(96,'32947945-5','2022-11-30'),
(97,'14481458-4','2022-11-12'),
(98,'64188499-5','2022-11-11'),
(99,'35479495-0','2022-11-15'),
(100,'46184825-7','2022-11-30'),
(101,'44922165-6','2022-11-28'),
(102,'71881839-7','2022-11-24'),
(103,'59888131-6','2022-11-07'),
(104,'39582327-2','2022-11-29'),
(105,'84123398-0','2022-11-23'),
(106,'36967631-8','2022-11-15'),
(107,'95787687-0','2022-11-06'),
(108,'17968884-0','2022-11-28'),
(109,'56669647-9','2022-11-02'),
(110,'39674321-3','2022-11-09'),
(111,'41535864-4','2022-11-24'),
(112,'14481458-4','2022-11-11'),
(113,'39173196-9','2022-11-03'),
(114,'64422656-5','2022-11-09'),
(115,'79618731-K','2022-11-23'),
(116,'73198776-9','2022-11-03'),
(117,'46184825-7','2022-11-04'),
(118,'12786274-5','2022-11-23'),
(119,'83334954-6','2022-11-09'),
(120,'51136752-2','2022-11-09'),
(121,'85558989-3','2022-11-06'),
(122,'25919133-5','2022-11-03'),
(123,'71267625-6','2022-11-17'),
(124,'44922165-6','2022-11-16'),
(125,'26694633-3','2022-11-18'),
(126,'86866673-0','2022-11-15'),
(127,'73621968-9','2022-11-24'),
(128,'71632916-K','2022-11-08'),
(129,'17145658-4','2022-11-07'),
(130,'52346245-8','2022-11-28'),
(131,'35433576-K','2022-11-23'),
(132,'95787687-0','2022-11-10'),
(133,'48228198-2','2022-11-17'),
(134,'23841318-4','2022-11-20'),
(135,'23446376-4','2022-11-29'),
(136,'69596628-8','2022-11-10'),
(137,'89435668-5','2022-11-12'),
(138,'19124851-1','2022-11-07'),
(139,'29378124-9','2022-11-26'),
(140,'49688566-K','2022-11-23'),
(141,'98515136-9','2022-11-30'),
(142,'56296514-9','2022-11-23'),
(143,'67786737-K','2022-11-23'),
(144,'66888264-1','2022-11-11'),
(145,'43623571-2','2022-11-07'),
(146,'24346141-3','2022-11-12'),
(147,'91454132-8','2022-11-07'),
(148,'53641319-7','2022-11-10'),
(149,'49688566-K','2022-11-07'),
(150,'63936314-7','2022-11-11'),
(151,'91772145-9','2022-11-19'),
(152,'55455446-6','2022-11-22'),
(153,'59926751-4','2022-11-16'),
(154,'29378124-9','2022-11-12'),
(155,'88159122-7','2022-11-04'),
(156,'22414496-2','2022-11-23'),
(157,'92676371-7','2022-11-24'),
(158,'45173784-8','2022-11-18'),
(159,'91472582-8','2022-11-07'),
(160,'56961847-9','2022-11-29'),
(161,'26418226-3','2022-11-28'),
(162,'35385254-K','2022-11-26'),
(163,'87788348-5','2022-11-14'),
(164,'92676371-7','2022-11-11'),
(165,'35385254-K','2022-11-04'),
(166,'49792933-4','2022-11-08'),
(167,'74249332-6','2022-11-25'),
(168,'66891354-7','2022-11-05'),
(169,'47718419-7','2022-11-20'),
(170,'31232623-K','2022-11-20'),
(171,'77113681-8','2022-11-04'),
(172,'23841318-4','2022-11-10'),
(173,'99899967-7','2022-11-10'),
(174,'48228198-2','2022-11-27'),
(175,'92964633-9','2022-11-30'),
(176,'26418226-3','2022-11-21'),
(177,'14481458-4','2022-11-18'),
(178,'69596628-8','2022-11-15'),
(179,'65164261-2','2022-11-13'),
(180,'68934546-8','2022-11-05'),
(181,'92891714-2','2022-11-30'),
(182,'51136752-2','2022-11-21'),
(183,'11596521-2','2022-11-04'),
(184,'23274772-2','2022-11-17'),
(185,'71632916-K','2022-11-25'),
(186,'59754716-1','2022-11-21'),
(187,'16337476-5','2022-11-01'),
(188,'76578936-2','2022-11-10'),
(189,'35479495-0','2022-11-10'),
(190,'66659144-5','2022-11-18'),
(191,'55455446-6','2022-11-23'),
(192,'79618731-K','2022-11-20'),
(193,'46184825-7','2022-11-07'),
(194,'42472558-7','2022-11-03'),
(195,'13676943-K','2022-11-13'),
(196,'28677821-6','2022-11-18'),
(197,'23841318-4','2022-11-12'),
(198,'73487887-1','2022-11-19'),
(199,'39173196-9','2022-11-17'),
(200,'39173196-9','2022-11-13'),
(201,'64422656-5','2022-11-24'),
(202,'41535864-4','2022-11-23'),
(203,'66659144-5','2022-11-25'),
(204,'55455446-6','2022-11-25'),
(205,'31862532-8','2022-11-08'),
(206,'53644557-9','2022-11-27'),
(207,'28677821-6','2022-11-03'),
(208,'84464435-3','2022-11-01'),
(209,'35385254-K','2022-11-12'),
(210,'51248665-7','2022-11-04'),
(211,'49688566-K','2022-11-25'),
(212,'86866673-0','2022-11-19'),
(213,'35461353-0','2022-11-13'),
(214,'68934546-8','2022-11-04'),
(215,'99886713-4','2022-11-03'),
(216,'61397274-9','2022-11-24'),
(217,'89962857-8','2022-11-10'),
(218,'31862532-8','2022-11-03'),
(219,'31862532-8','2022-11-18'),
(220,'95787687-0','2022-11-14'),
(221,'29465575-1','2022-11-23'),
(222,'18464958-6','2022-11-08'),
(223,'92891714-2','2022-11-18'),
(224,'73198776-9','2022-11-11'),
(225,'87563488-7','2022-11-25'),
(226,'33358464-6','2022-11-15'),
(227,'15652415-8','2022-11-27'),
(228,'39674321-3','2022-11-16'),
(229,'55455446-6','2022-11-02'),
(230,'29378124-9','2022-11-22'),
(231,'23274772-2','2022-11-18'),
(232,'63338527-0','2022-11-06'),
(233,'87563488-7','2022-11-23'),
(234,'63936314-7','2022-11-07'),
(235,'42232316-3','2022-11-28'),
(236,'46184825-7','2022-11-18'),
(237,'42232316-3','2022-11-30'),
(238,'64188499-5','2022-11-29'),
(239,'62282745-K','2022-11-24'),
(240,'73621968-9','2022-11-08'),
(241,'63936314-7','2022-11-15'),
(242,'45631924-6','2022-11-29'),
(243,'88159122-7','2022-11-10'),
(244,'84369479-9','2022-11-12'),
(245,'67786737-K','2022-11-17'),
(246,'12786274-5','2022-11-21'),
(247,'73444699-8','2022-11-02'),
(248,'84464435-3','2022-11-08'),
(249,'59888131-6','2022-11-05'),
(250,'39674321-3','2022-11-25'),
(251,'86866673-0','2022-11-04'),
(252,'74249332-6','2022-11-27'),
(253,'58719293-4','2022-11-20'),
(254,'89435668-5','2022-11-03'),
(255,'92326946-0','2022-11-26'),
(256,'59844846-9','2022-11-24'),
(257,'19124851-1','2022-11-17'),
(258,'53644557-9','2022-11-13'),
(259,'61397274-9','2022-11-20'),
(260,'88238869-7','2022-11-12'),
(261,'23274772-2','2022-11-11'),
(262,'21468533-7','2022-11-25'),
(263,'63338527-0','2022-11-29'),
(264,'55455446-6','2022-11-28'),
(265,'25919133-5','2022-11-15'),
(266,'71632916-K','2022-11-10'),
(267,'27394789-2','2022-11-18'),
(268,'52346245-8','2022-11-12'),
(269,'46184825-7','2022-11-01'),
(270,'25919133-5','2022-11-05'),
(271,'55558345-1','2022-11-17'),
(272,'66888264-1','2022-11-12'),
(273,'89845895-4','2022-11-03'),
(274,'74249332-6','2022-11-04'),
(275,'49792933-4','2022-11-02'),
(276,'76452915-4','2022-11-21'),
(277,'39674321-3','2022-11-17'),
(278,'55455729-5','2022-11-08'),
(279,'84123398-0','2022-11-16'),
(280,'43191396-8','2022-11-01'),
(281,'36967631-8','2022-11-12'),
(282,'18464958-6','2022-11-10'),
(283,'29378124-9','2022-11-08'),
(284,'51136752-2','2022-11-20'),
(285,'87416918-8','2022-11-19'),
(286,'56378913-1','2022-11-18'),
(287,'91772145-9','2022-11-05'),
(288,'51986651-K','2022-11-13'),
(289,'92891714-2','2022-11-15'),
(290,'87788348-5','2022-11-22'),
(291,'59754716-1','2022-11-01'),
(292,'55455446-6','2022-11-12'),
(293,'31134255-K','2022-11-18'),
(294,'87874461-6','2022-11-08'),
(295,'44786211-5','2022-11-08'),
(296,'89962857-8','2022-11-24'),
(297,'53312572-7','2022-11-10'),
(298,'84369479-9','2022-11-02'),
(299,'96233317-6','2022-11-30'),
(300,'53641319-7','2022-11-16'),
(301,'56961847-9','2022-11-29'),
(302,'51248665-7','2022-11-07'),
(303,'59844846-9','2022-11-17'),
(304,'55558345-1','2022-11-02'),
(305,'59844846-9','2022-11-27'),
(306,'67786737-K','2022-11-23'),
(307,'63936314-7','2022-11-26'),
(308,'92326946-0','2022-11-19'),
(309,'98515136-9','2022-11-06'),
(310,'51248665-7','2022-11-07'),
(311,'68622136-9','2022-11-26'),
(312,'53641319-7','2022-11-24'),
(313,'64188499-5','2022-11-17'),
(314,'73444699-8','2022-11-13'),
(315,'43191396-8','2022-11-30'),
(316,'56961847-9','2022-11-18'),
(317,'43191396-8','2022-11-07'),
(318,'92964633-9','2022-11-30'),
(319,'26418226-3','2022-11-04'),
(320,'65164261-2','2022-11-08'),
(321,'79475485-3','2022-11-16'),
(322,'24771341-7','2022-11-10'),
(323,'44922165-6','2022-11-17'),
(324,'54365846-4','2022-11-16'),
(325,'71267625-6','2022-11-16'),
(326,'44786211-5','2022-11-27'),
(327,'88159122-7','2022-11-15'),
(328,'42957743-8','2022-11-15'),
(329,'54664573-8','2022-11-21'),
(330,'65236287-7','2022-11-01'),
(331,'46184825-7','2022-11-01'),
(332,'47718419-7','2022-11-09'),
(333,'96233317-6','2022-11-25'),
(334,'84683876-7','2022-11-22'),
(335,'73487887-1','2022-11-24'),
(336,'64422656-5','2022-11-12'),
(337,'31232623-K','2022-11-12'),
(338,'85558989-3','2022-11-12'),
(339,'89962857-8','2022-11-03'),
(340,'95548416-9','2022-11-11'),
(341,'14481458-4','2022-11-20'),
(342,'97254846-4','2022-11-29'),
(343,'49567577-7','2022-11-04'),
(344,'31377333-7','2022-11-18'),
(345,'11813262-9','2022-11-16'),
(346,'56961847-9','2022-11-06'),
(347,'12786274-5','2022-11-19'),
(348,'33358464-6','2022-11-23'),
(349,'59844846-9','2022-11-14'),
(350,'92964633-9','2022-11-25'),
(351,'53312572-7','2022-11-26'),
(352,'83312927-9','2022-11-30'),
(353,'29465575-1','2022-11-10'),
(354,'13676943-K','2022-11-26'),
(355,'41152666-6','2022-11-30'),
(356,'92326946-0','2022-11-15'),
(357,'48228198-2','2022-11-27'),
(358,'53641319-7','2022-11-06'),
(359,'51441465-3','2022-11-10'),
(360,'86866673-0','2022-11-24'),
(361,'37963643-8','2022-11-03'),
(362,'32947945-5','2022-11-03'),
(363,'59888131-6','2022-11-04'),
(364,'45631924-6','2022-11-18'),
(365,'46184825-7','2022-11-30'),
(366,'83334954-6','2022-11-08'),
(367,'73444699-8','2022-11-09'),
(368,'79212553-0','2022-11-23'),
(369,'87874461-6','2022-11-10'),
(370,'18464958-6','2022-11-07'),
(371,'32947945-5','2022-11-16'),
(372,'64422656-5','2022-11-20'),
(373,'36967631-8','2022-11-03'),
(374,'32419686-2','2022-11-04'),
(375,'77113681-8','2022-11-18'),
(376,'29465575-1','2022-11-22'),
(377,'88922587-4','2022-11-17'),
(378,'39674321-3','2022-11-18'),
(379,'73487887-1','2022-11-11'),
(380,'17467511-2','2022-11-29'),
(381,'32257111-9','2022-11-09'),
(382,'62282745-K','2022-11-19'),
(383,'63936314-7','2022-11-05'),
(384,'54664573-8','2022-11-19'),
(385,'92326946-0','2022-11-13'),
(386,'76452915-4','2022-11-15'),
(387,'28677821-6','2022-11-07'),
(388,'42472558-7','2022-11-23'),
(389,'66891354-7','2022-11-20'),
(390,'68622136-9','2022-11-06'),
(391,'95787687-0','2022-11-14'),
(392,'73444699-8','2022-11-12'),
(393,'99899967-7','2022-11-12'),
(394,'35433576-K','2022-11-12'),
(395,'35385254-K','2022-11-25'),
(396,'55455446-6','2022-11-16'),
(397,'53641319-7','2022-11-30'),
(398,'59888131-6','2022-11-12'),
(399,'71881839-7','2022-11-28'),
(400,'36967631-8','2022-11-02'),
(401,'55455446-6','2022-11-09'),
(402,'37115819-7','2022-11-21'),
(403,'32419686-2','2022-11-11'),
(404,'88238869-7','2022-11-16'),
(405,'15132747-8','2022-11-23'),
(406,'88236257-4','2022-11-30'),
(407,'22144786-7','2022-11-09'),
(408,'41535864-4','2022-11-28'),
(409,'88922587-4','2022-11-23'),
(410,'53312572-7','2022-11-04');

INSERT INTO en_local (id_pedido) VALUES
(1),
(2),
(3),
(4),
(5),
(6),
(7),
(8),
(9),
(10);

INSERT INTO tiene VALUES
(1,1231,2),
(1,1234,2),
(1,23422,1),
(1,1242,2),
(2,1232,2),
(2,1253,1),
(2,23413,1),
(3,1231,4),
(3,1252,4),
(4,1253,2),
(4,23433,1),
(4,23443,1),
(5,1243,2),
(5,1261,2),
(5,1262,2),
(5,1263,2),
(6,1233,2),
(6,1234,2),
(6,23422,1),
(6,1242,2),
(7,1234,2),
(7,1253,1),
(7,23413,1),
(8,1232,4),
(8,1252,4),
(9,1253,2),
(9,23433,1),
(9,23443,1),
(10,1243,2),
(10,1261,2),
(10,1262,2),
(10,1263,2),
(11,1231,3),
(11,1232,3),
(11,1233,3),
(11,1234,2),
(12,1241,2),
(12,1242,3),
(12,1243,2),
(13,1251,2),
(14,1252,1),
(14,1253,2),
(14,1261,3),
(14,1262,3),
(15,1263,2),
(15,23411,2),
(15,23412,3),
(15,23413,3),
(16,23421,3),
(16,23422,3),
(17,23423,3),
(17,23431,3),
(17,23432,1),
(18,23433,2),
(19,23441,3),
(19,23442,3),
(19,23443,3),
(20,1231,3),
(20,1232,3),
(20,1233,3),
(20,1234,1),
(20,1241,3),
(21,1242,3),
(22,1243,1),
(22,1251,3),
(23,1252,2),
(23,1253,3),
(24,1261,2),
(24,1262,1),
(24,1263,3),
(25,23411,3),
(25,23412,3),
(26,23413,1),
(26,23421,2),
(27,23422,1),
(27,23423,2),
(28,23431,3),
(28,23432,1),
(29,23433,1),
(29,23441,3),
(30,23442,2),
(31,23443,2),
(32,1231,1),
(32,1232,3),
(32,1233,1),
(32,1234,1),
(33,1241,1),
(33,1242,2),
(33,1243,2),
(34,1251,3),
(34,1252,2),
(35,1253,2),
(35,1261,2),
(35,1262,3),
(35,1263,3),
(36,23411,3),
(37,23412,1),
(37,23413,1),
(38,23421,1),
(38,23422,1),
(38,23423,3),
(39,23431,2),
(39,23432,2),
(39,23433,3),
(40,23441,2),
(40,23442,3),
(41,23443,2),
(41,1231,1),
(41,1232,1),
(42,1233,1),
(42,1234,2),
(42,1241,2),
(42,1242,1),
(43,1243,2),
(43,1251,2),
(43,1252,3),
(44,1253,3),
(44,1261,2),
(44,1262,3),
(45,1263,2),
(45,23411,3),
(46,23412,3),
(46,23413,3),
(46,23421,3),
(46,23422,1),
(47,23423,2),
(47,23431,3),
(48,23432,1),
(48,23433,3),
(48,23441,2),
(49,23442,3),
(49,23443,2),
(49,1231,3),
(50,1232,2),
(51,1233,1),
(51,1234,3),
(52,1241,3),
(52,1242,2),
(53,1243,2),
(53,1251,1),
(53,1252,3),
(53,1253,3),
(54,1261,2),
(55,1262,2),
(56,1263,2),
(56,23411,1),
(57,23412,1),
(57,23413,3),
(57,23421,1),
(57,23422,1),
(57,23423,3),
(58,23431,1),
(58,23432,3),
(58,23433,3),
(58,23441,1),
(59,23442,1),
(59,23443,3),
(59,1231,2),
(59,1232,2),
(60,1233,2),
(60,1234,3),
(61,1241,3),
(61,1242,1),
(61,1243,2),
(62,1251,1),
(62,1252,3),
(62,1253,3),
(62,1261,1),
(63,1262,3),
(63,1263,3),
(63,23411,1),
(64,23412,3),
(64,23413,1),
(64,23421,3),
(65,23422,3),
(65,23423,1),
(65,23431,1),
(65,23432,1),
(66,23433,2),
(66,23441,3),
(67,23442,1),
(67,23443,2),
(68,1231,2),
(68,1232,2),
(69,1233,1),
(69,1234,2),
(69,1241,1),
(70,1242,1),
(70,1243,1),
(70,1251,1),
(71,1252,1),
(71,1253,3),
(71,1261,3),
(71,1262,1),
(72,1263,1),
(72,23411,1),
(72,23412,3),
(73,23413,1),
(73,23421,1),
(73,23422,1),
(74,23423,3),
(74,23431,3),
(75,23432,2),
(75,23433,3),
(76,23441,3),
(76,23442,2),
(77,23443,3),
(77,1231,3),
(77,1232,1),
(78,1233,3),
(78,1234,2),
(78,1241,3),
(79,1242,2),
(79,1243,2),
(80,1251,3),
(80,1252,2),
(80,1253,3),
(80,1261,3),
(81,1262,3),
(81,1263,1),
(81,23411,1),
(81,23412,1),
(82,23413,2),
(82,23421,2),
(82,23422,1),
(82,23423,1),
(83,23431,3),
(83,23432,2),
(83,23433,2),
(83,23441,1),
(84,23442,1),
(84,23443,1),
(85,1231,2),
(85,1232,2),
(86,1233,2),
(86,1234,1),
(86,1241,2),
(87,1242,2),
(87,1243,3),
(87,1251,3),
(88,1252,1),
(89,1253,3),
(89,1261,1),
(90,1262,1),
(90,1263,2),
(90,23411,3),
(90,23412,3),
(91,23413,2),
(91,23421,3),
(91,23422,2),
(91,23423,3),
(91,23431,2),
(92,23432,1),
(92,23433,3),
(92,23441,3),
(93,23442,3),
(93,23443,3),
(93,1231,2),
(94,1232,3),
(94,1233,3),
(95,1234,2),
(95,1241,1),
(96,1242,3),
(96,1243,1),
(96,1251,2),
(97,1252,1),
(97,1253,1),
(97,1261,3),
(97,1262,2),
(98,1263,3),
(99,23411,3),
(99,23412,1),
(100,23413,3),
(100,23421,2),
(101,23422,3),
(101,23423,1),
(102,23431,2),
(103,23432,2),
(104,23433,2),
(104,23441,3),
(104,23442,3),
(105,23443,3),
(105,1231,2),
(106,1232,3),
(106,1233,1),
(106,1234,2),
(106,1241,3),
(107,1242,3),
(107,1243,2),
(107,1251,3),
(108,1252,1),
(108,1253,3),
(109,1261,3),
(109,1262,1),
(109,1263,1),
(110,23411,3),
(110,23412,1),
(110,23413,3),
(110,23421,3),
(111,23422,3),
(111,23423,2),
(111,23431,3),
(111,23432,2),
(112,23433,1),
(113,23441,1),
(114,23442,1),
(115,23443,3),
(115,1231,1),
(115,1232,1),
(116,1233,1),
(116,1234,2),
(117,1241,1),
(117,1242,3),
(118,1243,1),
(119,1251,2),
(120,1252,2),
(121,1253,3),
(121,1261,1),
(122,1262,1),
(122,1263,2),
(122,23411,1),
(123,23412,2),
(123,23413,1),
(124,23421,1),
(125,23422,2),
(126,23423,2),
(126,23431,3),
(126,23432,1),
(127,23433,1),
(127,23441,3),
(128,23442,2),
(128,23443,2),
(128,1231,2),
(129,1232,3),
(130,1233,3),
(130,1234,2),
(130,1241,2),
(131,1242,3),
(132,1243,1),
(132,1251,2),
(132,1252,3),
(132,1253,3),
(132,1261,3),
(133,1262,2),
(133,1263,1),
(134,23411,1),
(134,23412,2),
(134,23413,3),
(135,23421,2),
(136,23422,1),
(136,23423,2),
(136,23431,3),
(137,23432,2),
(138,23433,2),
(139,23441,2),
(140,23442,1),
(140,23443,2),
(140,1231,3),
(140,1232,2),
(140,1233,1),
(141,1234,1),
(141,1241,2),
(141,1242,2),
(142,1243,1),
(142,1251,1),
(142,1252,2),
(143,1253,1),
(143,1261,3),
(143,1262,1),
(143,1263,2),
(144,23411,3),
(144,23412,2),
(144,23413,3),
(144,23421,2),
(145,23422,3),
(146,23423,2),
(146,23431,2),
(146,23432,3),
(147,23433,2),
(147,23441,3),
(148,23442,2),
(148,23443,3),
(148,1231,1),
(148,1232,3),
(149,1233,2),
(149,1234,2),
(149,1241,3),
(150,1242,2),
(150,1243,2),
(150,1251,1),
(150,1252,2),
(151,1253,3),
(152,1261,3),
(152,1262,2),
(152,1263,1),
(153,23411,2),
(153,23412,2),
(154,23413,1),
(154,23421,3),
(154,23422,2),
(154,23423,2),
(155,23431,1),
(155,23432,3),
(155,23433,2),
(156,23441,2),
(156,23442,3),
(157,23443,2),
(158,1231,3),
(159,1232,2),
(159,1233,3),
(160,1234,2),
(160,1241,1),
(160,1242,2),
(161,1243,1),
(161,1251,3),
(161,1252,3),
(162,1253,2),
(163,1261,2),
(163,1262,3),
(164,1263,3),
(165,23411,2),
(165,23412,1),
(166,23413,1),
(166,23421,1),
(166,23422,3),
(167,23423,3),
(167,23431,2),
(167,23432,3),
(167,23433,1),
(168,23441,2),
(168,23442,2),
(168,23443,2),
(168,1231,3),
(169,1232,2),
(169,1233,2),
(169,1234,2),
(170,1241,1),
(170,1242,2),
(171,1243,1),
(172,1251,2),
(172,1252,1),
(173,1253,1),
(173,1261,2),
(173,1262,2),
(174,1263,1),
(174,23411,2),
(174,23412,1),
(175,23413,1),
(175,23421,3),
(176,23422,1),
(176,23423,1),
(176,23431,1),
(176,23432,3),
(176,23433,1),
(177,23441,3),
(177,23442,3),
(178,23443,2),
(178,1231,1),
(179,1232,3),
(179,1233,3),
(180,1234,1),
(180,1241,2),
(180,1242,2),
(181,1243,3),
(182,1251,2),
(182,1252,1),
(182,1253,1),
(183,1261,3),
(183,1262,3),
(183,1263,3),
(184,23411,3),
(185,23412,3),
(185,23413,3),
(185,23421,2),
(186,23422,3),
(186,23423,1),
(186,23431,2),
(187,23432,1),
(188,23433,3),
(188,23441,1),
(188,23442,2),
(189,23443,2),
(189,1231,1),
(190,1232,1),
(190,1233,1),
(190,1234,1),
(190,1241,1),
(191,1242,3),
(192,1243,1),
(193,1251,3),
(193,1252,3),
(194,1253,1),
(195,1261,3),
(195,1262,1),
(196,1263,2),
(196,23411,1),
(196,23412,1),
(197,23413,2),
(197,23421,2),
(198,23422,1),
(198,23423,3),
(199,23431,2),
(199,23432,1),
(199,23433,2),
(199,23441,1),
(200,23442,1),
(201,23443,2),
(201,1231,2),
(201,1232,3),
(201,1233,2),
(202,1234,3),
(202,1241,1),
(203,1242,3),
(203,1243,3),
(203,1251,3),
(203,1252,3),
(204,1253,1),
(204,1261,1),
(205,1262,1),
(205,1263,1),
(205,23411,1),
(205,23412,3),
(206,23413,2),
(206,23421,1),
(207,23422,2),
(207,23423,2),
(207,23431,3),
(208,23432,1),
(208,23433,1),
(208,23441,3),
(208,23442,2),
(209,23443,2),
(209,1231,1),
(209,1232,3),
(210,1233,2),
(210,1234,2),
(211,1241,3),
(211,1242,3),
(211,1243,2),
(212,1251,2),
(212,1252,1),
(212,1253,1),
(212,1261,3),
(212,1262,1),
(213,1263,3),
(213,23411,2),
(213,23412,1),
(213,23413,2),
(214,23421,2),
(214,23422,2),
(215,23423,1),
(215,23431,1),
(215,23432,2),
(215,23433,1),
(216,23441,1),
(216,23442,2),
(216,23443,3),
(216,1231,2),
(217,1232,2),
(217,1233,2),
(217,1234,2),
(217,1241,2),
(218,1242,1),
(218,1243,2),
(219,1251,3),
(220,1252,2),
(221,1253,3),
(221,1261,2),
(222,1262,2),
(222,1263,1),
(222,23411,2),
(222,23412,1),
(222,23413,1),
(223,23421,2),
(223,23422,1),
(223,23423,1),
(224,23431,3),
(224,23432,1),
(224,23433,1),
(224,23441,1),
(224,23442,2),
(225,23443,3),
(225,1231,3),
(226,1232,2),
(227,1233,1),
(227,1234,3),
(228,1241,2),
(228,1242,1),
(229,1243,2),
(230,1251,2),
(230,1252,3),
(231,1253,1),
(231,1261,1),
(231,1262,3),
(232,1263,2),
(233,23411,2),
(233,23412,2),
(233,23413,3),
(234,23421,3),
(234,23422,1),
(234,23423,1),
(235,23431,2),
(235,23432,3),
(235,23433,1),
(236,23441,2),
(236,23442,2),
(236,23443,1),
(237,1231,3),
(237,1232,3),
(238,1233,1),
(238,1234,3),
(239,1241,3),
(239,1242,1),
(239,1243,2),
(240,1251,2),
(240,1252,1),
(241,1253,2),
(241,1261,2),
(241,1262,3),
(241,1263,3),
(242,23411,2),
(242,23412,2),
(243,23413,2),
(243,23421,3),
(243,23422,1),
(244,23423,2),
(245,23431,1),
(245,23432,1),
(246,23433,1),
(246,23441,1),
(246,23442,1),
(247,23443,2),
(247,1231,3),
(248,1232,3),
(248,1233,1),
(249,1234,2),
(249,1241,3),
(250,1242,1),
(250,1243,3),
(250,1251,3),
(251,1252,2),
(251,1253,3),
(251,1261,1),
(252,1262,2),
(253,1263,1),
(253,23411,2),
(253,23412,1),
(254,23413,3),
(254,23421,1),
(255,23422,1),
(256,23423,3),
(256,23431,3),
(257,23432,2),
(257,23433,3),
(258,23441,1),
(258,23442,3),
(258,23443,1),
(259,1231,1),
(260,1232,2),
(260,1233,1),
(260,1234,1),
(261,1241,3),
(261,1242,2),
(262,1243,3),
(262,1251,2),
(262,1252,2),
(263,1253,1),
(263,1261,3),
(263,1262,1),
(264,1263,2),
(264,23411,3),
(264,23412,1),
(264,23413,1),
(264,23421,1),
(265,23422,2),
(265,23423,2),
(265,23431,2),
(265,23432,2),
(265,23433,3),
(266,23441,2),
(266,23442,2),
(266,23443,3),
(266,1231,1),
(267,1232,3),
(268,1233,1),
(268,1234,1),
(268,1241,2),
(269,1242,2),
(269,1243,3),
(269,1251,2),
(269,1252,2),
(270,1253,1),
(271,1261,1),
(271,1262,3),
(271,1263,3),
(271,23411,2),
(271,23412,1),
(272,23413,3),
(273,23421,1),
(273,23422,1),
(273,23423,1),
(274,23431,1),
(274,23432,1),
(275,23433,1),
(275,23441,1),
(275,23442,1),
(275,23443,2),
(276,1231,1),
(277,1232,2),
(278,1233,2),
(278,1234,2),
(278,1241,3),
(279,1242,2),
(279,1243,1),
(279,1251,3),
(280,1252,3),
(280,1253,3),
(280,1261,2),
(280,1262,3),
(281,1263,3),
(281,23411,3),
(281,23412,1),
(282,23413,2),
(282,23421,3),
(282,23422,1),
(283,23423,2),
(283,23431,1),
(283,23432,3),
(284,23433,2),
(285,23441,2),
(285,23442,3),
(286,23443,2),
(286,1231,3),
(287,1232,2),
(287,1233,3),
(287,1234,1),
(288,1241,2),
(288,1242,2),
(289,1243,3),
(289,1251,1),
(289,1252,1),
(290,1253,3),
(290,1261,2),
(290,1262,1),
(291,1263,1),
(292,23411,2),
(292,23412,1),
(293,23413,3),
(293,23421,2),
(293,23422,3),
(294,23423,2),
(294,23431,1),
(294,23432,3),
(294,23433,3),
(295,23441,3),
(295,23442,1),
(295,23443,3),
(296,1231,3),
(296,1232,3),
(296,1233,1),
(297,1234,1),
(297,1241,2),
(298,1242,1),
(298,1243,3),
(298,1251,1),
(299,1252,1),
(299,1253,3),
(300,1261,2),
(300,1262,2),
(301,1263,1),
(302,23411,2),
(303,23412,1),
(303,23413,2),
(304,23421,1),
(304,23422,3),
(305,23423,1),
(305,23431,1),
(306,23432,1),
(306,23433,1),
(306,23441,3),
(306,23442,2),
(307,23443,3),
(307,1231,3),
(308,1232,2),
(308,1233,2),
(308,1234,3),
(308,1241,3),
(309,1242,1),
(309,1243,1),
(309,1251,2),
(309,1252,2),
(310,1253,2),
(310,1261,2),
(311,1262,2),
(311,1263,3),
(311,23411,2),
(311,23412,2),
(312,23413,3),
(312,23421,1),
(313,23422,1),
(313,23423,3),
(313,23431,1),
(314,23432,3),
(314,23433,2),
(315,23441,1),
(315,23442,3),
(316,23443,1),
(316,1231,2),
(316,1232,3),
(317,1233,3),
(317,1234,1),
(318,1241,3),
(318,1242,3),
(319,1243,1),
(319,1251,2),
(319,1252,1),
(319,1253,2),
(319,1261,1),
(320,1262,3),
(321,1263,3),
(321,23411,1),
(322,23412,1),
(323,23413,2),
(323,23421,1),
(323,23422,2),
(323,23423,2),
(324,23431,3),
(325,23432,3),
(325,23433,2),
(325,23441,3),
(326,23442,2),
(326,23443,2),
(326,1231,1),
(326,1232,2),
(326,1233,2),
(327,1234,2),
(327,1241,2),
(327,1242,3),
(328,1243,3),
(328,1251,2),
(328,1252,2),
(329,1253,3),
(329,1261,1),
(329,1262,3),
(329,1263,3),
(330,23411,1),
(330,23412,3),
(331,23413,2),
(332,23421,3),
(332,23422,2),
(333,23423,2),
(334,23431,2),
(334,23432,2),
(334,23433,3),
(335,23441,1),
(335,23442,2),
(335,23443,2),
(336,1231,3),
(337,1232,3),
(337,1233,1),
(338,1234,1),
(338,1241,1),
(339,1242,3),
(340,1243,2),
(340,1251,2),
(341,1252,2),
(342,1253,3),
(342,1261,3),
(343,1262,1),
(343,1263,1),
(343,23411,2),
(343,23412,2),
(344,23413,2),
(344,23421,2),
(345,23422,3),
(345,23423,1),
(345,23431,1),
(346,23432,1),
(346,23433,3),
(347,23441,3),
(347,23442,2),
(347,23443,3),
(348,1231,3),
(348,1232,1),
(349,1233,2),
(349,1234,1),
(350,1241,3),
(350,1242,1),
(350,1243,3),
(350,1251,3),
(350,1252,1),
(351,1253,3),
(351,1261,3),
(351,1262,1),
(351,1263,1),
(351,23411,2),
(352,23412,2),
(352,23413,2),
(352,23421,2),
(353,23422,1),
(353,23423,1),
(354,23431,3),
(354,23432,1),
(355,23433,1),
(355,23441,1),
(355,23442,3),
(356,23443,1),
(357,1231,2),
(357,1232,2),
(358,1233,2),
(358,1234,3),
(358,1241,3),
(358,1242,1),
(359,1243,3),
(360,1251,1),
(360,1252,1),
(361,1253,2),
(361,1261,1),
(361,1262,2),
(362,1263,1),
(362,23411,3),
(363,23412,2),
(363,23413,3),
(363,23421,1),
(364,23422,1),
(364,23423,1),
(364,23431,3),
(364,23432,3),
(365,23433,1),
(366,23441,2),
(366,23442,2),
(366,23443,1),
(366,1231,1),
(367,1232,1),
(367,1233,1),
(367,1234,1),
(367,1241,2),
(368,1242,1),
(368,1243,2),
(369,1251,1),
(369,1252,1),
(369,1253,3),
(369,1261,2),
(370,1262,1),
(370,1263,3),
(370,23411,2),
(370,23412,2),
(371,23413,2),
(371,23421,1),
(371,23422,3),
(371,23423,1),
(372,23431,2),
(372,23432,1),
(372,23433,2),
(373,23441,1),
(374,23442,2),
(374,23443,2),
(375,1231,2),
(375,1232,2),
(375,1233,2),
(375,1234,1),
(376,1241,2),
(377,1242,2),
(377,1243,2),
(377,1251,2),
(378,1252,1),
(378,1253,1),
(378,1261,1),
(379,1262,1),
(379,1263,1),
(380,23411,3),
(380,23412,1),
(380,23413,2),
(380,23421,3),
(381,23422,2),
(381,23423,1),
(381,23431,2),
(381,23432,1),
(382,23433,3),
(382,23441,2),
(383,23442,2),
(383,23443,3),
(383,1231,2),
(384,1232,3),
(384,1233,1),
(384,1234,3),
(384,1241,2),
(385,1242,3),
(386,1243,1),
(386,1251,1),
(386,1252,2),
(386,1253,2),
(387,1261,3),
(387,1262,3),
(388,1263,2),
(388,23411,2),
(388,23412,1),
(388,23413,1),
(389,23421,3),
(390,23422,3),
(390,23423,1),
(391,23431,2),
(391,23432,1),
(391,23433,1),
(392,23441,3),
(392,23442,3),
(392,23443,1),
(393,1231,1),
(393,1232,2),
(393,1233,2),
(393,1234,3),
(394,1241,3),
(394,1242,2),
(394,1243,3),
(394,1251,3),
(395,1252,3),
(396,1253,3),
(396,1261,1),
(396,1262,3),
(397,1263,1),
(397,23411,3),
(398,23412,2),
(398,23413,3),
(398,23421,3),
(399,23422,3),
(399,23423,3),
(399,23431,2),
(400,23432,3),
(400,23433,2),
(400,23441,2),
(400,23442,2),
(401,23443,2),
(402,1231,2),
(402,1232,1),
(403,1233,1),
(403,1234,3),
(403,1241,2),
(404,1242,1),
(404,1243,2),
(405,1251,1),
(406,1252,2),
(406,1253,3),
(406,1261,3),
(406,1262,2),
(407,1263,2),
(407,23411,2),
(408,23412,3),
(409,23413,1),
(410,23421,2),
(410,23422,3),
(410,23423,3);

INSERT INTO ocupa VALUES
(1,1,'42232316-3'),
(3,3,'51986651-K'),
(4,4,'42957743-8'),
(5,5,'18864263-2'),
(8,8,'84464435-3'),
(10,10,'32947945-5');

INSERT INTO boleta (id_boleta,id_pedido) VALUES
(1,1),
(2,2),
(3,3),
(4,4),
(5,5),
(6,6),
(7,7),
(8,8),
(9,9),
(10,10);

--update ingrediente set stock = 20 WHERE nombre = 'ketchup';